����,�õ�,�ñ���,����,�ָ޴�,���Ҹ�,�ּ�,���� ��������
1,����Ư����ġ��,��õ��,�ѽ�,"���κ��, �߰���",(��)�������� ��õ(��)�ްԼ�,����Ư����ġ�� ��õ�� ������ ������ 1432,2007-06-01
2,����Ư����ġ��,��õ��,�ѽ�,���丮,(��)��õ����,"����Ư����ġ�� ��õ�� ������1�� 36-11, 1�� (��õ��)",2021-10-18
3,����Ư����ġ��,��õ��,�ѽ�,"�߰���,������",9��̴߰���õ��,"����Ư����ġ�� ��õ�� ���� ��õ��143���� 46-4, 1��",2015-11-23
4,����Ư����ġ��,��õ��,�ѽ�,������,���̿�������,"����Ư����ġ�� ��õ�� ��õ�� 217, 1�� (ȿ�ڵ�)",2007-06-01
5,����Ư����ġ��,��õ��,�ѽ�,�ѿ�������,�����ѿ�Ÿ��,"����Ư����ġ�� ��õ�� ������ 11, ������ 3�� (��赿, ��õ���������̷��ѿ�Ÿ��)",2011-12-01
6,����Ư����ġ��,��õ��,�ѽ�,"������,����",���̸�����,����Ư����ġ�� ��õ�� ����� ���̷� 62-1,2017-12-06
7,����Ư����ġ��,��õ��,�ѽ�,��������,���̰���,"����Ư����ġ�� ��õ�� ��ȭ��15���� 17, 1�� (��ȭ��)",2022-10-26
8,����Ư����ġ��,��õ��,�ѽ�,"����, ���",���ݽĴ���õ�ŵ���,����Ư����ġ�� ��õ�� ������ ��õ��ȯ�� 114,2022-10-26
9,����Ư����ġ��,��õ��,�ѽ�,������,�����,"����Ư����ġ�� ��õ�� ��õ�� 19, 1�� (���ǵ�)",2011-12-01
10,����Ư����ġ��,��õ��,�ѽ�,����,����õ�հ���,����Ư����ġ�� ��õ�� ȿ�ڷ� 5 (��赿),2014-12-09
11,����Ư����ġ��,��õ��,�ѽ�,"������, �����ű��",���﷡�ӱ۷�,"����Ư����ġ�� ��õ�� �����9���� 15, 1�� (����)",2022-10-26
12,����Ư����ġ��,��õ��,�ѽ�,���Ұ���,��ǰ�������ٽ��Ұ���(��õ��),����Ư����ġ�� ��õ�� ������ ��õ��ȯ�� 65,2011-12-01
13,����Ư����ġ��,��õ��,�ѽ�,"��Ȳ�������,��������屹",�׶�����(Ŭ���Ͽ콺),����Ư����ġ�� ��õ�� ����� ���Ѱ����� 688,2007-06-01
14,����Ư����ġ��,��õ��,�ѽ�,"�߰���,������",�ݺ��꽡��ö�Ǵ߰���,����Ư����ġ�� ��õ�� �ŵ��� �ݺ��Ǽ��� 6 (1��),2015-11-23
15,����Ư����ġ��,��õ��,�ѽ�,"������, ��������",�ݿ�,"����Ư����ġ�� ��õ�� ���� �ݿ��� 289-27, 1��",2023-10-30
16,����Ư����ġ��,��õ��,�ѽ�,"�߰���, ������",���������ð���,"����Ư����ġ�� ��õ�� ������ ������ 195, 1,2��",2016-11-28
17,����Ư����ġ��,��õ��,�ѽ�,"����, �߹��",�����̴��̹��������õ��,����Ư����ġ�� ��õ�� ���� ��õ�� 94,2019-10-31
18,����Ư����ġ��,��õ��,�ѽ�,���̹������,�����̴��̹��������õ��,"����Ư����ġ�� ��õ�� �칬��78���� 7, 1�� (��赿, ����)",2014-12-09
19,����Ư����ġ��,��õ��,�ѽ�,�߰���,����õ�����߰���,����Ư����ġ�� ��õ�� ��ȥ��5���� 3 (��赿),2012-11-29
20,����Ư����ġ��,��õ��,�ѽ�,�ٴ尡��,����ٴ尡��,����Ư����ġ�� ��õ�� ������ ����� 19-11,2014-12-09
21,����Ư����ġ��,��õ��,�ѽ�,�߰���,����߰��񸷱���,����Ư����ġ�� ��õ�� ���� �ݿ��� 5,2007-06-01
22,����Ư����ġ��,��õ��,�ѽ�,����,��Ŭ����,����Ư����ġ�� ��õ�� ������ ������ 76,2014-12-09
23,����Ư����ġ��,��õ��,�ѽ�,"���,������",�����ѿ�������,����Ư����ġ�� ��õ�� ��õ��170���� 5 (���),2014-12-09
24,����Ư����ġ��,��õ��,�ѽ�,"������, ����",���ظ����������,����Ư����ġ�� ��õ�� ���� 23 (��赿),2016-11-28
25,����Ư����ġ��,��õ��,�ѽ�,"��������, ����",�����Ѹ���(������),"����Ư����ġ�� ��õ�� �ļ���326���� 12, 2�� (����)",2016-11-28
26,����Ư����ġ��,��õ��,�ѽ�,����Į����,���� ���� Į����,"����Ư����ġ�� ��õ�� �ݰ��� 32-1 (�Ҿ��3��, 169-2,180-1,180-2)",2007-06-01
27,����Ư����ġ��,��õ��,�ѽ�,"���,����",�ѷ�,"����Ư����ġ�� ��õ�� ������ ��ȯ��� 643, ���� 1,2��",2020-11-02
28,����Ư����ġ��,��õ��,�ѽ�,"������, ����",�޹ٿ������õ������,"����Ư����ġ�� ��õ�� �簣���ֱ� 76, 1�� (��ȭ��)",2016-11-28
29,����Ư����ġ��,��õ��,�ѽ�,������,����������,����Ư����ġ�� ��õ�� �ź��� ��õ3�� 8,2007-06-01
30,����Ư����ġ��,��õ��,�ѽ�,�߰���,���������߰���,"����Ư����ġ�� ��õ�� �ݰ���62���� 8, 1�� (���絿)",2007-06-01
31,����Ư����ġ��,��õ��,�ѽ�,�߰���,�������߰���,"����Ư����ġ�� ��õ�� �ݰ���62���� 7, 1,2�� (���絿)",2020-11-02
32,����Ư����ġ��,��õ��,�ѽ�,"�߰���,������",�����Ϲ����߰���,"����Ư����ġ�� ��õ�� �ݰ���62���� 7 (���絿, ��8����)",2007-06-01
33,����Ư����ġ��,��õ��,�ѽ�,������ũ,�̼���,����Ư����ġ�� ��õ�� ���Ƿ�208���� 4 (����),2019-10-31
34,����Ư����ġ��,��õ��,�ѽ�,"������,����",���縷����,"����Ư����ġ�� ��õ�� ��õ��81���� 15, 1�� (��絿)",2007-06-01
35,����Ư����ġ��,��õ��,�ѽ�,Į����,�����̳��ع�Į������õ����,����Ư����ġ�� ��õ�� ���� ��õ�� 145,2020-11-02
36,����Ư����ġ��,��õ��,�ѽ�,"������,����,��붱",�������θ�����,"����Ư����ġ�� ��õ�� ��õ��81���� 16, 1,2�� (��絿)",2014-12-09
37,����Ư����ġ��,��õ��,�ѽ�,������,��������ä,"����Ư����ġ�� ��õ�� ����� 38, 1�� (��õ��)",2013-12-03
38,����Ư����ġ��,��õ��,�ѽ�,"����,������",������,����Ư����ġ�� ��õ�� �Ҿ������ 26 (�Ҿ��3��),2007-06-01
39,����Ư����ġ��,��õ��,�ѽ�,������,���ǻ긷����,"����Ư����ġ�� ��õ�� �ļ��� 447-2, 1�� (����)",2017-12-06
40,����Ư����ġ��,��õ��,�ѽ�,������,�ξȸ�����,����Ư����ġ�� ��õ�� �ļ���344���� 7 (����),2007-06-01
41,����Ư����ġ��,��õ��,�ѽ�,"�Ұ����, ����",�ξȿ�,"����Ư����ġ�� ��õ�� ���ȱ� 58, 1�� (����)",2015-11-23
42,����Ư����ġ��,��õ��,�ѽ�,�߰���,��ͺ��߰�����,"����Ư����ġ�� ��õ�� �������� 5 (���絿, 1,2��)",2009-06-01
43,����Ư����ġ��,��õ��,�ѽ�,������,���縷����,����Ư����ġ�� ��õ�� �ź��� �Ż���� 644,2009-06-01
44,����Ư����ġ��,��õ��,�ѽ�,���Ҵ߰���,���佡�Ҵ߰�����õ����,����Ư����ġ�� ��õ�� �칬��52���� 10 (��赿),2016-11-28
45,����Ư����ġ��,��õ��,�ѽ�,"������,�Ұ������",������,����Ư����ġ�� ��õ�� ������ �ֱܼ�19���� 64-8,2012-11-29
46,����Ư����ġ��,��õ��,�ѽ�,�������,������(�����),"����Ư����ġ�� ��õ�� �칬��� 35-6, 1�� (��赿)",2018-11-28
47,����Ư����ġ��,��õ��,�ѽ�,�߰���,����߰���,����Ư����ġ�� ��õ�� ������ ��õ��ȯ�� 110,2012-11-29
48,����Ư����ġ��,��õ��,�ѽ�,��������,�Ҵ���Ͼص��������ũ,"����Ư����ġ�� ��õ�� ���� ��õ��ȯ�� 868, 1~2��",2017-12-06
49,����Ư����ġ��,��õ��,�ѽ�,�۾�.��õ��,�Ҿ簭�����,����Ư����ġ�� ��õ�� ���� �Ҿ簭�� 675 (��1����),2007-06-01
50,����Ư����ġ��,��õ��,�ѽ�,�����뱹��,����ڻ�,����Ư����ġ�� ��õ�� ������ 2502 (��ȭ��),2021-10-18
51,����Ư����ġ��,��õ��,�ѽ�,������,�ð񸷱���,����Ư����ġ�� ��õ�� �ź��� ������ 100,2007-06-01
52,����Ư����ġ��,��õ��,�ѽ�,"������, ����",����񸷱���,����Ư����ġ�� ��õ�� ���� ������ 105-12,2022-10-26
53,����Ư����ġ��,��õ��,�ѽ�,���,���갭,����Ư����ġ�� ��õ�� ������ �ŵα� 18,2013-12-03
54,����Ư����ġ��,��õ��,�ѽ�,������,��������,����Ư����ġ�� ��õ�� ���� ��õ�� 102,2007-06-01
55,����Ư����ġ��,��õ��,�ѽ�,"�߰���,������",�����ڴ߰��񸷱���,����Ư����ġ�� ��õ�� �ȸ���� 22 (���ǵ�),2011-12-01
56,����Ư����ġ��,��õ��,�ѽ�,"������,����",������������,����Ư����ġ�� ��õ�� �ź��� �Ʊ�2�� 15,2014-12-09
57,����Ư����ġ��,��õ��,�ѽ�,"���Ҿ�����,���Ҵ߰���",�칰��,����Ư����ġ�� ��õ�� ����� ���̷� 86 (2��),2012-11-29
58,����Ư����ġ��,��õ��,�ѽ�,�߰���,�켺�߰�����,����Ư����ġ�� ��õ�� ���� ��õ������ 87,2019-10-31
59,����Ư����ġ��,��õ��,�ѽ�,������,����������,"����Ư����ġ�� ��õ�� ��û�� 32, 1�� 110ȣ (���絿)",2019-10-31
60,����Ư����ġ��,��õ��,�ѽ�,�߾���,���������߾���,����Ư����ġ�� ��õ�� �ŵ��� �������� 1746,2022-10-26
61,����Ư����ġ��,��õ��,�ѽ�,�߰���,���̴߰���,����Ư����ġ�� ��õ�� �ݰ���62���� 12 (���絿),2019-10-31
62,����Ư����ġ��,��õ��,�ѽ�,������,������������,����Ư����ġ�� ��õ�� �ź��� �Ʊ�2�� 123 (��2����),2007-06-01
63,����Ư����ġ��,��õ��,�ѽ�,�ø�,���ӳø�(��õ������),����Ư����ġ�� ��õ�� ������ 9 (���絿),2012-11-29
64,����Ư����ġ��,��õ��,�ѽ�,�߰���,�������߰���,����Ư����ġ�� ��õ�� �ĸ��� 77 (����),2007-06-01
65,����Ư����ġ��,��õ��,�ѽ�,"���⸻��,���",�Ӱ���,"����Ư����ġ�� ��õ�� ���Ұ����� 25, 1�� (���絿)",2021-10-18
66,����Ư����ġ��,��õ��,�ѽ�,�߰���,��ȣ���׸�,"����Ư����ġ�� ��õ�� �ź��� �Ż���� 682, 1~2��",2018-11-28
67,����Ư����ġ��,��õ��,�ѽ�,"�������,�߹��",���ڳ���,����Ư����ġ�� ��õ�� ����� ��ġ�� 120,2011-12-01
68,����Ư����ġ��,��õ��,�ѽ�,"��ġ�̸�����, ����",��������ġ�̸�����,"����Ư����ġ�� ��õ�� �ŵ��� �������� 1772, 1��",2022-10-26
69,����Ư����ġ��,��õ��,�ѽ�,�߰���,���൹���Ҵ߰���,"����Ư����ġ�� ��õ�� ������ 43 (������, 1��)",2014-12-09
70,����Ư����ġ��,��õ��,�ѽ�,�߰���,��õ�����߰���,"����Ư����ġ�� ��õ�� ���� ���ϱ� 56, 1,2��",2020-11-02
71,����Ư����ġ��,��õ��,�ѽ�,"�߰���,������",��õ����߰���,����Ư����ġ�� ��õ�� ������ 47-1 (������),2014-12-09
72,����Ư����ġ��,��õ��,�ѽ�,�߰���,��õ��� ��ӿ��߰���,"����Ư����ġ�� ��õ�� ������� 562-20, ��,���� 1�� (���ǵ�)",2020-11-02
73,����Ư����ġ��,��õ��,�ѽ�,���Ҵ߰���,��õ�������Ҵ߰���,����Ư����ġ�� ��õ�� ȿ�ڷ� 9 (��赿),2015-11-23
74,����Ư����ġ��,��õ��,�ѽ�,�̵�����,��õ�̵�����,"����Ư����ġ�� ��õ�� ���ַ�201���� 4, 1�� (��赿)",2018-11-28
75,����Ư����ġ��,��õ��,�ѽ�,�߰���,��õ���ϴ߰���,"����Ư����ġ�� ��õ�� ���Ұ����� 22-1, 1�� (���絿)",2020-11-02
76,����Ư����ġ��,��õ��,�ѽ�,�κ�����,��������,"����Ư����ġ�� ��õ�� �칬��� 35-14, 1,2�� (��赿)",2016-11-28
77,����Ư����ġ��,��õ��,�ѽ�,"���, ��ȸ",ū���ѿ�,"����Ư����ġ�� ��õ�� ���δ뼺�� 135, 2�� (���)",2016-11-28
78,����Ư����ġ��,��õ��,�ѽ�,��������,���ȭ�α���,"����Ư����ġ�� ��õ�� �����36���� 65 (��赿, 1��)",2007-06-01
79,����Ư����ġ��,��õ��,�ѽ�,�߰���,�볪�����߰���,����Ư����ġ�� ��õ�� �ź��� �Ż���� 763,2007-06-01
80,����Ư����ġ��,��õ��,�ѽ�,"����,������",�ϳ�������,"����Ư����ġ�� ��õ�� ���ȱ� 73, 1�� (����)",2015-11-23
81,����Ư����ġ��,��õ��,�ѽ�,������,���ְ�,����Ư����ġ�� ��õ�� ���� ��õ�� 163,2007-06-01
82,����Ư����ġ��,��õ��,�ѽ�,"������,�߰���",�а�������߰���,"����Ư����ġ�� ��õ�� ������ 29, 1�� (���絿)",2015-11-23
83,����Ư����ġ��,��õ��,�ѽ�,"������, �÷����������",�Ѿ�÷������������õ��,"����Ư����ġ�� ��õ�� ������ 2195 (��赿, (�¸�׸�Ʈ2��))",2013-12-03
84,����Ư����ġ��,��õ��,�ѽ�,"�����,��ġ��",�ѿ찡,"����Ư����ġ�� ��õ�� ������3�� 18, 1.2�� 1�� (���絿)",2014-12-09
85,����Ư����ġ��,��õ��,�ѽ�,�߰���,�׾Ƹ��߰��񸷱���,����Ư����ġ�� ��õ�� �ź��� �Ż���� 487,2007-06-01
86,����Ư����ġ��,��õ��,�ѽ�,������,�ع̴�,����Ư����ġ�� ��õ�� ȿ�ڷ�24���� 12 (��赿),2007-06-01
87,����Ư����ġ��,��õ��,�ѽ�,"�����ȸ, ��ȸ�����",������ȸ,"����Ư����ġ�� ��õ�� �������� 34, 1�� (���絿)",2019-10-31
88,����Ư����ġ��,��õ��,�ѽ�,�Ұ����,ȣ���ѿ챸���,"����Ư����ġ�� ��õ�� �칬��56���� 8, 1�� (��赿)",2016-11-28
89,����Ư����ġ��,��õ��,�ѽ�,"���,�Ұ����",Ȳ����,"����Ư����ġ�� ��õ�� ��ȥ��5���� 9-1 (��赿, 1��)",2011-12-01
90,����Ư����ġ��,��õ��,�ѽ�,������,Ȳ����,"����Ư����ġ�� ��õ�� ������ 54-1, 1�� (���絿)",2012-11-29
91,����Ư����ġ��,��õ��,�ѽ�,�ι�ȸ,"ȸ,��,��",����Ư����ġ�� ��õ�� ȭ����� 21 (���),2007-06-01
92,����Ư����ġ��,��õ��,�ѽ�,Ȳ�±���,ȿ��Ȳ�±���,"����Ư����ġ�� ��õ�� �����51���� 15-1 (ȿ�ڵ�, 1~2��)",2011-12-01
93,����Ư����ġ��,��õ��,�߽�,"«��,������",�̺�«����õ��,"����Ư����ġ�� ��õ�� ������ 2652, 2�� (��ȭ��)",2015-11-23
94,����Ư����ġ��,��õ��,�߽�,"������, �����",��ȭ��,"����Ư����ġ�� ��õ�� ������ 5-17, 2,3�� (ȿ�ڵ�)",2016-11-28
95,����Ư����ġ��,��õ��,�߱���,"�����,������",�𽺹�,"����Ư����ġ�� ��õ�� �칬��74���� 14, 1,2,3�� (��赿)",2007-06-01
96,����Ư����ġ��,��õ��,�Ͻ�,ȸ�ڽ�,����,"����Ư����ġ�� ��õ�� ���� 13, 3�� (��赿)",2016-11-28
97,����Ư����ġ��,��õ��,�Ͻ�,ȸ����,����,"����Ư����ġ�� ��õ�� ������ 149, 3�� (���絿, ��������)",2016-11-28
98,����Ư����ġ��,��õ��,�Ͻ�,"���ȸ, ����ȸ",����ȸ��,"����Ư����ġ�� ��õ�� �ļ���344���� 3, 1�� (����)",2022-10-26
99,����Ư����ġ��,��õ��,�Ͻ�,"����,����ȸ",����,����Ư����ġ�� ��õ�� ������ �ֱܼ�19���� 61,2011-12-01
100,����Ư����ġ��,��õ��,�Ͻ�,�Ͻ�,ûŰ����,"����Ư����ġ�� ��õ�� ���ȱ� 19, 1�� (����)",2021-10-18
101,����Ư����ġ��,��õ��,�Ͻ�,"����,����ȸ,�ʹ�",�ع̿�ǳ�찡,"����Ư����ġ�� ��õ�� ������� 14 (���絿, 2��)",2011-12-01
102,����Ư����ġ��,��õ��,"���,�ѽ�","���,���ٱ����屹",����� ���ٱ�,����Ư����ġ�� ��õ�� �濭�� 282 (��ε�),2012-11-29
103,����Ư����ġ��,��õ��,���,����������,������ڽ�,"����Ư����ġ�� ��õ�� ���� ��ȯ��� 1154-106, 1~2��",2012-11-29
104,����Ư����ġ��,��õ��,���,������,���Ŭ����õ��,����Ư����ġ�� ��õ�� ��õ�� 429 (����),2012-11-29
105,����Ư����ġ��,��õ��,���,ǻ�� �������,�ƺ�ī��,"����Ư����ġ�� ��õ�� ��������50���� 25, 2�� (��絿)",2023-10-30
106,����Ư����ġ��,��õ��,���,���,����,����Ư����ġ�� ��õ�� �߾ӷ� 101 (�߾ӷ�3��),2007-06-01
107,����Ư����ġ��,��õ��,�����,����,ȣ��,"����Ư����ġ�� ��õ�� ������Ÿ��� 376, 1�� (��õ��)",2007-06-01
108,����Ư����ġ��,���ֽ�,����,������ũ,(��)�ƿ��齺����ũ�Ͽ콺�ڸ���(������),"����Ư����ġ�� ���ֽ� ��û�� 27, ����2�� (���ǵ�)",2007-12-05
109,����Ư����ġ��,���ֽ�,�ѽ�,�ѽ�,(��)��������ũ�븮�������,"����Ư����ġ�� ���ֽ� ���ʸ� �ٿ�Ǳ� 281, 2��",2007-07-10
110,����Ư����ġ��,���ֽ�,�ѽ�,����,(��)�׾Ƹ����ӵ����̱�ġ����,"����Ư����ġ�� ���ֽ� ������� 121-7 (�ܰ赿,(1��))",2015-05-22
111,����Ư����ġ��,���ֽ�,�ѽ�,���,�����������,����Ư����ġ�� ���ֽ� �Ǻθ� ����δٸ��� 20 (��1����),2010-06-24
112,����Ư����ġ��,���ֽ�,�ѽ�,������,����������,"����Ư����ġ�� ���ֽ� ������ ������ 174, 1,2��",2021-06-10
113,����Ư����ġ��,���ֽ�,����,"���,�ҹ�",���ڳ׵��,"����Ư����ġ�� ���ֽ� ������469���� 7-9, 1�� (������)",2021-06-10
114,����Ư����ġ��,���ֽ�,�ѽ�,�����,�ź�,����Ư����ġ�� ���ֽ� õ�ź��� 145 (�ܱ���),2007-12-05
115,����Ư����ġ��,���ֽ�,�ѽ�,����ȸ,�������ڴٸ�,"����Ư����ġ�� ���ֽ� õ��� 23-13, 1�� (�ܰ赿)",2014-05-21
116,����Ư����ġ��,���ֽ�,����(���ұ���),����,�����1-1,"����Ư����ġ�� ���ֽ� ���鸸�̱� 1-1, 1�� �Ϻ�ȣ (�ݰ)",2021-06-10
117,����Ư����ġ��,���ֽ�,�ѽ�,�ѽ�,���������ä,"����Ư����ġ�� ���ֽ� �డ��1�� 14, ����1�� (���ǵ�, ��3���� 1 )",2017-06-01
118,����Ư����ġ��,���ֽ�,�ѽ�,����,���̴�,"����Ư����ġ�� ���ֽ� Ȳ�ݷ� 5 (�ݰ, B103ȣ,B104ȣ,B105ȣ)",2020-06-02
119,����Ư����ġ��,���ֽ�,�ѽ�,�ѿ챸��,�����ѿ���,"����Ư����ġ�� ���ֽ� ����� �Ͽ��� 1819, 1��",2007-07-10
120,����Ư����ġ��,���ֽ�,�ѽ�,"���̻����, ���̹��",������,"����Ư����ġ�� ���ֽ� ������ 350, 1�� (�ܰ赿)",2023-06-16
121,����Ư����ġ��,���ֽ�,�ѽ�,�Ұ���,�����Ұ���,����Ư����ġ�� ���ֽ� �Ͽ��� 2577 (��굿),2010-12-07
122,����Ư����ġ��,���ֽ�,�ѽ�,"��,�������",���ߴ��������,����Ư����ġ�� ���ֽ� �Ǻθ� ġ�Ƿ� 966,2014-11-03
123,����Ư����ġ��,���ֽ�,�ѽ�,��Ǭ�Ұ�����,�ݼ��Ĵ�(����),"����Ư����ġ�� ���ֽ� �߾ӷ� 28 (�ε�,(1��))",2012-11-27
124,����Ư����ġ��,���ֽ�,�ѽ�,�߾���,�谡�׿����߾���,"����Ư����ġ�� ���ֽ� �ܰ������� 90-3 (�ܱ���, 1��)",2010-06-24
125,����Ư����ġ��,���ֽ�,�ѽ�,��ġ�,��ġ�ҵ�,����Ư����ġ�� ���ֽ� �����1�� 26 (���ǵ�),2008-06-23
126,����Ư����ġ��,���ֽ�,�ѽ�,��������,�����׳���,"����Ư����ġ�� ���ֽ� �����߱� 35 (�ݰ, 1��)",2017-06-01
127,����Ư����ġ��,���ֽ�,�ѽ�,"����,���",�ú�����,����Ư����ġ�� ���ֽ� ������� 105 (�౸��),2000-06-15
128,����Ư����ġ��,���ֽ�,�ѽ�,������,����ɰ�����,����Ư����ġ�� ���ֽ� ������ �հǷ� 37-6,2007-12-05
129,����Ư����ġ��,���ֽ�,�߱���,��ȭ�丮,�뺸«�Ͱ�ȭ��,����Ư����ġ�� ���ֽ� ������� 36 (��굿),2022-06-24
130,����Ư����ġ��,���ֽ�,�ѽ�,�߰���,�뿵�߰���,����Ư����ġ�� ���ֽ� �����1�� 18-2 (���ǵ�),2020-06-02
131,����Ư����ġ��,���ֽ�,�����,����,��Ŭ���ľ�,"����Ư����ġ�� ���ֽ� ������� 121-1, 7�� (�ܰ赿)",2019-11-01
132,����Ư����ġ��,���ֽ�,�ѽ�,�����屹,���������ǻ����屹���ֹ�����,"����Ư����ġ�� ���ֽ� ��������� 16, 1�� (���ǵ�)",2023-06-16
133,����Ư����ġ��,���ֽ�,�ѽ�,���뱹��,�������������,����Ư����ġ�� ���ֽ� �۸��� 25 (���),2007-12-05
134,����Ư����ġ��,���ֽ�,Ƚ��,��ġ,������ġ������,"����Ư����ġ�� ���ֽ� ��̰����� 16 (�ܰ赿,,1��)",2012-07-24
135,����Ư����ġ��,���ֽ�,�ѽ�,"������, ����",���ظ�����,����Ư����ġ�� ���ֽ� ������ 37 (�м���),2009-06-03
136,����Ư����ġ��,���ֽ�,�ѽ�,�нĺ���,�γ�������(���ֹ�����),"����Ư����ġ�� ���ֽ� �ɶ󵿱� 30, ����2�� 206ȣ (���ǵ�)",2018-05-15
137,����Ư����ġ��,���ֽ�,�ѽ�,"�ӹ�,�ѿ�",��ɰ���,"����Ư����ġ�� ���ֽ� ������ ���ۼ�ȭ�� 488, ��2��, ��3�� ����1��",2020-06-02
138,����Ư����ġ��,���ֽ�,����,"�Ľ�Ÿ,������ũ",����ڽ�Ʈ���ֱ��������,"����Ư����ġ�� ���ֽ� ������ ������ 35-1, 2�� 205,206,207ȣ",2021-06-10
139,����Ư����ġ��,���ֽ�,�ѽ�,Į����,����Į����,����Ư����ġ�� ���ֽ� �𷡳��� 47-1 (�ܰ赿),2009-06-03
140,����Ư����ġ��,���ֽ�,�ѽ�,������,�ӱ��Ұ�����������,"����Ư����ġ�� ���ֽ� ���μ�ȯ�� 297 (�౸��,(1~2��))",2012-07-24
141,����Ư����ġ��,���ֽ�,�ѽ�,������,�԰Ÿ�������,����Ư����ġ�� ���ֽ� �ܰ��� 67-5 (�ܱ���),2009-06-03
142,����Ư����ġ��,���ֽ�,����(���ұ���),ö���޲ٹ�,�Ի��޲ٹ�,"����Ư����ġ�� ���ֽ� ������ �������� 205, 1��",2021-06-10
143,����Ư����ġ��,���ֽ�,�ѽ�,������,�޹вɸ�����,����Ư����ġ�� ���ֽ� ������ �ǵ�� 22,2013-10-31
144,����Ư����ġ��,���ֽ�,�ѽ�,���뱹��,�����������뱹,"����Ư����ġ�� ���ֽ� �ǰ��� 31, 5�� 503ȣ (�ݰ)",2023-06-16
145,����Ư����ġ��,���ֽ�,�ѽ�,��������,�������Ұ���,����Ư����ġ�� ���ֽ� ������ 492-2 (�ܱ���),2016-06-02
146,����Ư����ġ��,���ֽ�,�ѽ�,������,����ȭ��,����Ư����ġ�� ���ֽ� ����� 59 (�����),1999-08-03
147,����Ư����ġ��,���ֽ�,��Ÿ,"����, �Ľ�Ÿ",��ư���ֺ���,"����Ư����ġ�� ���ֽ� ������ ���ۼ�ȭ�� 428-10, 1��",2023-06-16
148,����Ư����ġ��,���ֽ�,�ѽ�,����,����(��)�ްԼ��ѽĹ̴�,����Ư����ġ�� ���ֽ� ������ ������ 1234 (����(��)�ްԼҰ���),2007-12-05
149,����Ư����ġ��,���ֽ�,�н�,"����, ������",������,"����Ư����ġ�� ���ֽ� ������ �հǷ� 22, 1��",2013-05-01
150,����Ư����ġ��,���ֽ�,����(���ұ���),"�Ұ���, ��������, �κο丮",�����ϼ���,"����Ư����ġ�� ���ֽ� ������ ������ 1734-20, 1��",2020-06-02
151,����Ư����ġ��,���ֽ�,�Ͻ�,"��ġ,�ʹ�",�̰�����,"����Ư����ġ�� ���ֽ� ��̰����� 65, 1�� (�ܰ赿)",2014-11-03
152,����Ư����ġ��,���ֽ�,�ѽ�,����,�̼Ұ���,"����Ư����ġ�� ���ֽ� �����㸮�� 120-15, 1�� (������)",2021-06-10
153,����Ư����ġ��,���ֽ�,�ѽ�,��ġȸ,�̼���ġȸ,"����Ư����ġ�� ���ֽ� õ��� 16-3, 1�� (�ܰ赿)",2019-06-18
154,����Ư����ġ��,���ֽ�,�ѽ�,������,����,����Ư����ġ�� ���ֽ� ��̰����� 16 (�ܰ赿),2011-12-05
155,����Ư����ġ��,���ֽ�,�ѽ�,"��巹��, ���",�λ�ȸ��,"����Ư����ġ�� ���ֽ� �߾ӷ� 46, 1�� (�߾ӵ�)",2022-11-24
156,����Ư����ġ��,���ֽ�,Ƚ��,����ȸ,�ٴ�ȸ�����ؿ�,"����Ư����ġ�� ���ֽ� ������ 64, 3,4�� (�ݰ)",2021-06-10
157,����Ư����ġ��,���ֽ�,�ѽ�,�ڴٸ�����,�ٸ��ڴٸ����ֺ���,"����Ư����ġ�� ���ֽ� �������86���� 33-2, 1�� (�ܰ赿)",2022-11-24
158,����Ư����ġ��,���ֽ�,�ѽ�,�����,���Ĵ�,"����Ư����ġ�� ���ֽ� ����� �Ͽ��� 1608, ����1,2��",2006-10-27
159,����Ư����ġ��,���ֽ�,�ѽ�,"�ѿ�,��������,�ø�",��꽡�Ұ���,"����Ư����ġ�� ���ֽ� ������ 55 (�ܱ���, 1650-7,1650-8)",2008-06-23
160,����Ư����ġ��,���ֽ�,ȣ��/���,�Ұ���,�������÷���,"����Ư����ġ�� ���ֽ� ������ 530, 2�� (�ܱ���)",2019-06-18
161,����Ư����ġ��,���ֽ�,�ѽ�,Ȳ��.������������,���������,����Ư����ġ�� ���ֽ� ���� 154 (�౸��),2016-06-02
162,����Ư����ġ��,���ֽ�,�ѽ�,"������, ����",������̰�����,"����Ư����ġ�� ���ֽ� �����߱� 19, 1�� (�ݰ)",2022-11-24
163,����Ư����ġ��,���ֽ�,�߱���,�����,������,"����Ư����ġ�� ���ֽ� �౸�� 259, 1�� (�౸��)",2010-06-24
164,����Ư����ġ��,���ֽ�,�ѽ�,������,��ȭ�꼳����������,����Ư����ġ�� ���ֽ� ��̰����� 71-2 (�ܰ赿),2008-06-23
165,����Ư����ġ��,���ֽ�,�ѽ�,"�����ν�, �������뱸��",��ȭ����Ȳ�������ұ���,����Ư����ġ�� ���ֽ� ������� 86 (�ܰ赿),2023-06-16
166,����Ư����ġ��,���ֽ�,�ѽ�,�δ��,�δ������,����Ư����ġ�� ���ֽ� ������� 62-9 (������),2019-06-18
167,����Ư����ġ��,���ֽ�,�ѽ�,��������,�λ��ڰ�ġ ��������,"����Ư����ġ�� ���ֽ� �Ǻθ� �ź��� 42-12, 1��",2019-11-01
168,����Ư����ġ��,���ֽ�,�Ͻ�,���ȸ,�λ�Ƚ��,����Ư����ġ�� ���ֽ� ��������� 56 (���ǵ�),2011-12-05
169,����Ư����ġ��,���ֽ�,�ѽ�,��«��,�����ִ�«��,"����Ư����ġ�� ���ֽ� �ﱤ1�� 10, 1�� (���굿)",2023-06-16
170,����Ư����ġ��,���ֽ�,�ѽ�,������,����ʹ��,����Ư����ġ�� ���ֽ� ���ʸ� ġ�Ƿ� 2367-2,2010-06-24
171,����Ư����ġ��,���ֽ�,�ѽ�,"������,����",�ﱳ����ġ�̸�����,����Ư����ġ�� ���ֽ� �Ͽ��� 1843 (���ǵ�),2010-12-07
172,����Ư����ġ��,���ֽ�,�ѽ�,����,������,����Ư����ġ�� ���ֽ� ���Ƿ�12���� 13 (�ϻ굿),2009-06-03
173,����Ư����ġ��,���ֽ�,�ѽ�,"�������, Į����",������,"����Ư����ġ�� ���ֽ� ����� 16 (���ǵ�,��3����(423-10,423-12,436-5))",2013-10-31
174,����Ư����ġ��,���ֽ�,�ѽ�,���ҿ丮,�����������ѿ찥���,����Ư����ġ�� ���ֽ� ������469���� 11 (������),2001-12-24
175,����Ư����ġ��,���ֽ�,�߱���,«��,����«��,"����Ư����ġ�� ���ֽ� �Ǻθ� ������� 1, ����1��",2019-11-01
176,����Ư����ġ��,���ֽ�,�ѽ�,�δ��,����δ��,����Ư����ġ�� ���ֽ� ����ﺸ�� 248 (�ݰ),2017-06-01
177,����Ư����ġ��,���ֽ�,�ѽ�,"�κ��, �κ�����",�����̼յκ�3ȣ��,"����Ư����ġ�� ���ֽ� ������ ������ 2000, 1�� 101ȣ",2022-11-24
178,����Ư����ġ��,���ֽ�,�ѽ�,�����,��ȭ�����������ȭ�߰���,"����Ư����ġ�� ���ֽ� ��������� 7 (���ǵ�,(1��))",2020-06-02
179,����Ư����ġ��,���ֽ�,�ѽ�,��������,���ǽ��Ұ������,"����Ư����ġ�� ���ֽ� õ�ź��� 77 (�ܱ���, 1��)",2017-06-01
180,����Ư����ġ��,���ֽ�,�ѽ�,�ø�,����Ħ�ø�(�ܰ���),����Ư����ġ�� ���ֽ� �����㸮�� 120-17 (������),2019-06-18
181,����Ư����ġ��,���ֽ�,����(���ұ���),"�ѿ�, ������",�����ѿ���,����Ư����ġ�� ���ֽ� ������ ����� 16,2013-05-01
182,����Ư����ġ��,���ֽ�,�ѽ�,��������,���ڸų���,"����Ư����ġ�� ���ֽ� �߾ӷ� 65, ����1�� (�߾ӵ�)",2023-10-19
183,����Ư����ġ��,���ֽ�,�ѽ�,���絹�ܹ�,�Ҵ�(����),����Ư����ġ�� ���ֽ� ���ʸ� ��Ȳ��� 45-17 (��12����(���ְ������1)),2016-06-02
184,����Ư����ġ��,���ֽ�,�ѽ�,"������,�������",�Ҵ���,"����Ư����ġ�� ���ֽ� �ɶ󵿱� 47, 3�� 304,305,306ȣ (���ǵ�)",2021-06-10
185,����Ư����ġ��,���ֽ�,�ѽ�,�Ұ���ҹ��,�ҹ�,����Ư����ġ�� ���ֽ� ������ �͹��� 1360 (��1����),2021-06-10
186,����Ư����ġ��,���ֽ�,�ѽ�,"�ѿ�, ��������",�ҿ�,"����Ư����ġ�� ���ֽ� �ﱤ2�� 19, 1�� (���굿)",2020-06-02
187,����Ư����ġ��,���ֽ�,�ѽ�,�߾���,���������߾���,"����Ư����ġ�� ���ֽ� �ݺ�3�� 17-2, 1�� (�ܰ赿)",2023-06-16
188,����Ư����ġ��,���ֽ�,�ѽ�,���ⱸ��,���ϼ�,"����Ư����ġ�� ���ֽ� ��ǰ�� 193 (�ݰ,��1����)",2014-05-21
189,����Ư����ġ��,���ֽ�,�ѽ�,���뱸��,���ʾ����,����Ư����ġ�� ���ֽ� ������ 11 (�ܱ���),2019-06-18
190,����Ư����ġ��,���ֽ�,�ѽ�,�����κο丮,����(����),"����Ư����ġ�� ���ֽ� �ۻ�� 24, 1�� (���ǵ�)",2023-06-16
191,����Ư����ġ��,���ֽ�,�ѽ�,�δ��,��ź�δ��,����Ư����ġ�� ���ֽ� ������ �հǷ� 33,2020-06-02
192,����Ư����ġ��,���ֽ�,�ѽ�,�δ��,��ź�δ���ܰ躻��,����Ư����ġ�� ���ֽ� õ��� 16-4 (�ܰ赿),2014-11-03
193,����Ư����ġ��,���ֽ�,�ѽ�,"���,��������,����",�ܵ�����,����Ư����ġ�� ���ֽ� ������ ��ȭ������ 3-23,2004-09-21
194,����Ư����ġ��,���ֽ�,Ƚ��,ȸ,�̹̽ٴ�ȸ,"����Ư����ġ�� ���ֽ� ������ 59-6, 1�� (�ܱ���)",2018-05-15
195,����Ư����ġ��,���ֽ�,�ѽ�,�ѽ�,�ƴٹ�(�ܰ���),����Ư����ġ�� ���ֽ� ������� 176 (�ܰ赿),2013-10-31
196,����Ư����ġ��,���ֽ�,�ѽ�,�����,�Ƹ������,"����Ư����ġ�� ���ֽ� ����� 78, 1�� (�����)",2020-06-02
197,����Ư����ġ��,���ֽ�,�Ͻ�,"������,�ҹ�",��432,"����Ư����ġ�� ���ֽ� ���鸸�̱� 12, 1�� 102,103ȣ (�ݰ)",2021-06-10
198,����Ư����ġ��,���ֽ�,�߱���,�߱���,�ȵ�����,"����Ư����ġ�� ���ֽ� �߾ӷ� 52, ����1�� (�߾ӵ�)",2009-06-03
199,����Ư����ġ��,���ֽ�,�ѽ�,�ѽ�,�ȵ������������������,"����Ư����ġ�� ���ֽ� Ȳ�ݷ� 11 (�ݰ, 201ȣ)",2019-11-01
200,����Ư����ġ��,���ֽ�,�ѽ�,"���,����",��ݳ�,����Ư����ġ�� ���ֽ� ��̰����� 47-12 (�ܰ赿),2006-10-27
201,����Ư����ġ��,���ֽ�,�ѽ�,"������, ����Į����",��ȭ��������,"����Ư����ġ�� ���ֽ� ������ �������ܱ� 298, 1��",2022-11-24
202,����Ư����ġ��,���ֽ�,�ѽ�,����,���񽡺ұ���,"����Ư����ġ�� ���ֽ� �����2�� 5 (���ǵ�, 1��)",2009-06-03
203,����Ư����ġ��,���ֽ�,�ѽ�,������,���Ҹ���,����Ư����ġ�� ���ֽ� �ݺ�1�� 46 (�ܰ赿),2023-06-16
204,����Ư����ġ��,���ֽ�,��Ÿ,���Ұ���,�����ڸ�,"����Ư����ġ�� ���ֽ� ������� 121-9, 1�� (�ܰ赿)",2019-11-01
205,����Ư����ġ��,���ֽ�,�ѽ�,�ѿ챸��,��������,����Ư����ġ�� ���ֽ� ġ�Ƿ� 1593 (�ܱ���),2007-12-05
206,����Ư����ġ��,���ֽ�,�ѽ�,�ѽ�,����,����Ư����ġ�� ���ֽ� ������ ��������� 5,2010-12-07
207,����Ư����ġ��,���ֽ�,�ѽ�,"��������,������",���񰡵�,����Ư����ġ�� ���ֽ� ������ �͹��� 1375,1999-08-03
208,����Ư����ġ��,���ֽ�,�ѽ�,"����,����",���ͽ��Ұ���,����Ư����ġ�� ���ֽ� �Ͽ���2507���� 31 (��굿),2000-06-15
209,����Ư����ġ��,���ֽ�,�ѽ�,�յκ��,�����׼յκθ������ڳ����ֵ���,"����Ư����ġ�� ���ֽ� ������ �ұݻ�� 36, 1��",2019-11-01
210,����Ư����ġ��,���ֽ�,�ѽ�,��ä����,������ä����,����Ư����ġ�� ���ֽ� ����� 105 (�ϻ굿),1999-08-03
211,����Ư����ġ��,���ֽ�,�ѽ�,������,����������,����Ư����ġ�� ���ֽ� ���� 92 (���嵿),1999-08-03
212,����Ư����ġ��,���ֽ�,�ѽ�,�߰���,���д߰���,"����Ư����ġ�� ���ֽ� ���Ƿ� 31-1, ����1�� (�ϻ굿)",2022-11-24
213,����Ư����ġ��,���ֽ�,Ƚ��,�۾�ȸ,�����۾�,"����Ư����ġ�� ���ֽ� ����� 127 (�౸��,1��)",2013-10-31
214,����Ư����ġ��,���ֽ�,��Ÿ,������,�÷�������,����Ư����ġ�� ���ֽ� ���ʸ� ���嵿�� 86-5,2021-06-10
215,����Ư����ġ��,���ֽ�,Ƚ��,��ġȸ,�ͻ��Ƚ��,"����Ư����ġ�� ���ֽ� �ܱ��� 354-27, 1�� (�ܱ���)",2008-06-23
216,����Ư����ġ��,���ֽ�,����(���ұ���),�ѿ챸��,���,"����Ư����ġ�� ���ֽ� �ɶ󵿱� 47, 401ȣ (���ǵ�)",2015-05-22
217,����Ư����ġ��,���ֽ�,�ѽ�,�ѿ�,�츮��,����Ư����ġ�� ���ֽ� ������ �ұݻ�� 14 (��1����),2009-06-03
218,����Ư����ġ��,���ֽ�,�ѽ�,"���ұ���, �ѿ챸��",�켺���������ұ���,����Ư����ġ�� ���ֽ� ������ 528-17 (�ܱ���),2008-11-18
219,����Ư����ġ��,���ֽ�,�ѽ�,�������,��ä,����Ư����ġ�� ���ֽ� ������� 47 (�౸��),2000-06-15
220,����Ư����ġ��,���ֽ�,�ѽ�,�Ұ���,��ä�Ұ��⼼��°�̾߱�,"����Ư����ġ�� ���ֽ� ������� 48 (�౸��,(1��))",2019-11-01
221,����Ư����ġ��,���ֽ�,�ѽ�,"�����ӹ�, ��������, �����ӹ�",�ﷷ�ٸ�ī��Ĵ�,"����Ư����ġ�� ���ֽ� ������ ������ 125-15, 1��",2022-11-24
222,����Ư����ġ��,���ֽ�,�ѽ�,�߾���,���������߾���,"����Ư����ġ�� ���ֽ� ġ�Ƿ� 1626-11 (�ܱ���, 185-26,185-27)",2007-07-10
223,����Ư����ġ��,���ֽ�,�ѽ�,�߾���,���ֺ��߾���,"����Ư����ġ�� ���ֽ� ġ�Ƿ� 1748 (���, 406-13,14)",2005-07-25
224,����Ư����ġ��,���ֽ�,�ѽ�,"���屹, ������",���־������屹,"����Ư����ġ�� ���ֽ� ������� 154-2, 1�� (�ܰ赿)",2023-10-19
225,����Ư����ġ��,���ֽ�,����(���ұ���),"�߾���,�ѿ�",���־����߾��� �츮�ѿ�,"����Ư����ġ�� ���ֽ� ����� 101, ����1�� (�ϻ굿)",2021-06-10
226,����Ư����ġ��,���ֽ�,�ѽ�,"����,����",�������߸���,"����Ư����ġ�� ���ֽ� ������442���� 26, 1�� ������ȣ (�ܱ���)",2020-06-02
227,����Ư����ġ��,���ֽ�,�ѽ�,�ѽ�,������,����Ư����ġ�� ���ֽ� ������ ����ȭ�� 236,2007-07-10
228,����Ư����ġ��,���ֽ�,�ѽ�,��������,���󰡵��Ѱ���������������,"����Ư����ġ�� ���ֽ� õ��� 16-4, 1�� (�ܰ赿)",2022-11-24
229,����Ư����ġ��,���ֽ�,�ѽ�,�ø�,�����ø�,����Ư����ġ�� ���ֽ� �Ǻθ� �ź��� 16-13,2010-06-24
230,����Ư����ġ��,���ֽ�,��Ÿ,��������,�����׽��ұ���,����Ư����ġ�� ���ֽ� �����ġ�� 23 (���嵿),2022-11-24
231,����Ư����ġ��,���ֽ�,�ѽ�,"�������,Į����",�̷���������Į����,"����Ư����ġ�� ���ֽ� �߾ӷ� 61, ����1�� (�߾ӵ�)",2012-07-24
232,����Ư����ġ��,���ֽ�,�ѽ�,��������,�̾��ո�������,"����Ư����ġ�� ���ֽ� ������4�� 6-1, 1�� (�ݰ)",2022-11-24
233,����Ư����ġ��,���ֽ�,���(ġŲ),���,�Ϲ̸��ݰ����,����Ư����ġ�� ���ֽ� ��̰����� 90 (�ܰ赿),2014-11-03
234,����Ư����ġ��,���ֽ�,����(���ұ���),����,�Ϲ̻���������ŵ�����,"����Ư����ġ�� ���ֽ� ������1�� 28, 1�� (�ݰ)",2021-06-10
235,����Ư����ġ��,���ֽ�,�ѽ�,���,�Ϲ�ǳõ���,"����Ư����ġ�� ���ֽ� �ܰ��� 57, 1�� (�ܱ���)",2019-11-01
236,����Ư����ġ��,���ֽ�,�ѽ�,"������,����",��ȣ������(��ȭ����),����Ư����ġ�� ���ֽ� �鰣������ 25 (�ܰ赿),2021-06-10
237,����Ư����ġ��,���ֽ�,�����,�Һ��������,�Ӳ����Һ��������,"����Ư����ġ�� ���ֽ� �ϻ�� 29 (�ϻ굿, ��2����)",2006-12-01
238,����Ư����ġ��,���ֽ�,�ѽ�,���,�ڰ��̺ξ�,"����Ư����ġ�� ���ֽ� ����� ������ 87-1, 1��",2017-06-01
239,����Ư����ġ��,���ֽ�,�߱���,��ȭ�丮,�ڽ���,"����Ư����ġ�� ���ֽ� �����2�� 20-1, 1�� (���ǵ�)",2010-12-07
240,����Ư����ġ��,���ֽ�,�ѽ�,������,�尡�׺�����,����Ư����ġ�� ���ֽ� �౸�� 333 (�౸��),2008-11-18
241,����Ư����ġ��,���ֽ�,�ѽ�,���� ���̷�,�屺����,����Ư����ġ�� ���ֽ� �౸�� 53 (���),2012-11-27
242,����Ư����ġ��,���ֽ�,��Ÿ,����,�������߹�����,����Ư����ġ�� ���ֽ� ����� 177 (���ǵ�),2019-06-18
243,����Ư����ġ��,���ֽ�,�߱���,¥���,�𽺹�(������),"����Ư����ġ�� ���ֽ� �����㸮�� 151, ����1�� (������)",2017-06-01
244,����Ư����ġ��,���ֽ�,�ѽ�,�ᳪ������,�����ᳪ������ܰ���,"����Ư����ġ�� ���ֽ� ��ȭ�� 12, ����1�� (�ܰ赿)",2016-06-02
245,����Ư����ġ��,���ֽ�,�ѽ�,"����,���",���ֺ���,����Ư����ġ�� ���ֽ� ���ʸ� ���� 240,2006-10-27
246,����Ư����ġ��,���ֽ�,�߱���,������,��ȭ��,"����Ư����ġ�� ���ֽ� �ξƳ�ũ�� 8 (�ܰ赿, (����))",2014-05-14
247,����Ư����ġ��,���ֽ�,�ѽ�,"������,����",���ڻ縷����(������),����Ư����ġ�� ���ֽ� ���ϱ�� 11 (���ǵ�),2010-12-07
248,����Ư����ġ��,���ֽ�,�ѽ�,�������,���񰡵�,����Ư����ġ�� ���ֽ� ���ʸ� ������ 110,2012-11-27
249,����Ư����ġ��,���ֽ�,���(ġŲ),ġŲ,���̾�����,����Ư����ġ�� ���ֽ� ���� 66 (��굿),2022-06-24
250,����Ư����ġ��,���ֽ�,�ѽ�,��������,���ۿ���,"����Ư����ġ�� ���ֽ� ���ʸ� Ȳ��� 194-6, ���� ����1��",2015-05-22
251,����Ư����ġ��,���ֽ�,�ѽ�,��������,������,����Ư����ġ�� ���ֽ� ��̰����� 67 (�ܰ赿),2009-06-03
252,����Ư����ġ��,���ֽ�,�ѽ�,�ι����,����������,����Ư����ġ�� ���ֽ� �ܰ��� 141 (������),2019-06-18
253,����Ư����ġ��,���ֽ�,�ѽ�,"������, ����",õ�Ÿ��������ǿ����ߺ���,����Ư����ġ�� ���ֽ� �Ǻθ� �ź��� 49,2009-06-03
254,����Ư����ġ��,���ֽ�,�ѽ�,�ø�,õ������ø�,����Ư����ġ�� ���ֽ� ������ 126 (�ܰ赿),2000-06-15
255,����Ư����ġ��,���ֽ�,����(���ұ���),��������,û�������,"����Ư����ġ�� ���ֽ� �ɶ󵿱� 9, 1�� (���ǵ�)",2020-06-02
256,����Ư����ġ��,���ֽ�,�ѽ�,������,û�㼳����,"����Ư����ġ�� ���ֽ� �ܰ��� 131, 1�� (������)",2022-11-24
257,����Ư����ġ��,���ֽ�,�ѽ�,���뱹��,û����������(������),����Ư����ġ�� ���ֽ� �Ͽ���2704���� 55 (���嵿),2007-12-05
258,����Ư����ġ��,���ֽ�,�ѽ�,"����,��â",û����������ū��,"����Ư����ġ�� ���ֽ� ������ 26 (�ܱ���, 1631-13,14)",2007-07-10
259,����Ư����ġ��,���ֽ�,����(���ſ�),������,�ʷϿ�����,"����Ư����ġ�� ���ֽ� ���� 78-1, 1�� (���嵿)",2020-06-02
260,����Ư����ġ��,���ֽ�,�ѽ�,����,�ѵμ���,����Ư����ġ�� ���ֽ� ��ȭ6�� 20 (�ܰ赿),2021-06-10
261,����Ư����ġ��,���ֽ�,�ø���,����,�ְ����ֺ���,"����Ư����ġ�� ���ֽ� ����51���� 110, 1�� (���嵿)",2023-10-19
262,����Ư����ġ��,���ֽ�,�ѽ�,�߰���,��õ��̴߰���,"����Ư����ġ�� ���ֽ� ġ�ǰ����� 30-7 (������, ��1����)",2009-06-03
263,����Ư����ġ��,���ֽ�,�ѽ�,�߰���,��õȣ�ݴ߰���,"����Ư����ġ�� ���ֽ� ��������� 24-3 (���ǵ�, 1��)",2023-10-19
264,����Ư����ġ��,���ֽ�,�ѽ�,�ӹ�,ġ�ǰ�(�ܰ���),"����Ư����ġ�� ���ֽ� ġ�ǰ����� 25-3, 1�� (������)",2011-06-14
265,����Ư����ġ��,���ֽ�,�ѽ�,Ħ����,Ħ�꿡(Ħߣ��),����Ư����ġ�� ���ֽ� �ݺ�4�� 25-5 (�ܰ赿),2007-12-05
266,����Ư����ġ��,���ֽ�,����,���,ī��553���ֺ���,"����Ư����ġ�� ���ֽ� �ɹ�Ӹ��� 86-17, 1�� (�౸��)",2013-10-31
267,����Ư����ġ��,���ֽ�,�ѽ�,"�쵿, ��� ��","���̾��̿����������(��)����(�λ����)�ްԼ�(�쵿,���,���)",����Ư����ġ�� ���ֽ� ȣ���� ���ٰŸ��� 120 (��8����),2023-06-16
268,����Ư����ġ��,���ֽ�,�ѽ�,"����,����",���ġ��,����Ư����ġ�� ���ֽ� ����� 110 (�ϻ굿),2011-12-05
269,����Ư����ġ��,���ֽ�,�ѽ�,�ߵ�����,ū��,����Ư����ġ�� ���ֽ� �Ǻθ� �����꼺�� 46,2014-05-21
270,����Ư����ġ��,���ֽ�,�ѽ�,����,ū�ջ�����,����Ư����ġ�� ���ֽ� �ܱ��� 76-2 (�ܰ赿),2020-06-02
271,����Ư����ġ��,���ֽ�,��Ÿ,ȸ,Ų��,"����Ư����ġ�� ���ֽ� �ݺ�4�� 28, 1�� (�ܰ赿)",2019-06-18
272,����Ư����ġ��,���ֽ�,�ѽ�,������,�±�긷����,����Ư����ġ�� ���ֽ� ���ʸ� ���1�� 301,2003-02-15
273,����Ư����ġ��,���ֽ�,�ѽ�,��������,�´ɼֹ簥��,����Ư����ġ�� ���ֽ� �Ͽ��󰡱� 6 (���嵿),2020-06-02
274,����Ư����ġ��,���ֽ�,�ѽ�,���,���,"����Ư����ġ�� ���ֽ� ������ 83 (�ܱ���, ��1����)",2007-07-10
275,����Ư����ġ��,���ֽ�,�ѽ�,��������,�볪������,����Ư����ġ�� ���ֽ� ����� �ȹ��� 11,2020-06-02
276,����Ư����ġ��,���ֽ�,Ƚ��,�۾�ȸ,��â�۾�,����Ư����ġ�� ���ֽ� ���� 152 (�౸��),2012-07-24
277,����Ư����ġ��,���ֽ�,��Ÿ,������ũ,Ǫ��,"����Ư����ġ�� ���ֽ� ����� ������ 46-2, ����1��",2018-05-15
278,����Ư����ġ��,���ֽ�,Ƚ��,�۾�ȸ,�Ѱ��ͼ۾�ȸ,"����Ư����ġ�� ���ֽ� �Ѱ��ͱ� 122 (�ݰ, 1��)",2014-11-04
279,����Ư����ġ��,���ֽ�,�ѽ�,����,�ѽĺ������,"����Ư����ġ�� ���ֽ� �ܰ��� 67-30, 1�� (�ܱ���)",2013-10-31
280,����Ư����ġ��,���ֽ�,�ѽ�,���,�����ڹ�����,����Ư����ġ�� ���ֽ� �������� 3-1 (���ǵ�),2018-05-15
281,����Ư����ġ��,���ֽ�,�ѽ�,����,�׾Ƹ����ӵ����̱�ġ������,"����Ư����ġ�� ���ֽ� ���ŷ� 61, 2�� (�ݰ, 203,204ȣ)",2021-06-10
282,����Ư����ġ��,���ֽ�,�ѽ�,�ع���,�ؼ�,"����Ư����ġ�� ���ֽ� �Ǻθ� �����ű� 96, 1��",2013-05-01
283,����Ư����ġ��,���ֽ�,�ѽ�,"�ع���, �ع���",�ؾƸ�,"����Ư����ġ�� ���ֽ� ������442���� 1, 1�� (�ܱ���)",2022-06-24
284,����Ư����ġ��,���ֽ�,����(���ұ���),�쵿,�ູ�ѿ쵿���Դܰ���,"����Ư����ġ�� ���ֽ� õ��� 12, 101,102ȣ (�ܰ赿)",2020-06-02
285,����Ư����ġ��,���ֽ�,�ѽ�,������,�ⱳ������,"����Ư����ġ�� ���ֽ� ������ 10, A�� 1�� (������)",2019-06-18
286,����Ư����ġ��,���ֽ�,�ѽ�," ��,��������",���뽡�Ұ���,����Ư����ġ�� ���ֽ� ��̰����� 43-4 (�ܰ赿),1999-08-03
287,����Ư����ġ��,���ֽ�,�ѽ�,����,��������,����Ư����ġ�� ���ֽ� õ��� 14-2 (�ܰ赿),2008-11-18
288,����Ư����ġ��,���ֽ�,����,"�Ұ����, �Ұ���",ȫ������,"����Ư����ġ�� ���ֽ� �Ͽ��� 2235-12, 2�� (�ܰ赿)",2023-06-16
289,����Ư����ġ��,���ֽ�,�ѽ�,�ѿ챸��,Ȳ�ݸ���,"����Ư����ġ�� ���ֽ� ������ 22, 2�� (�౸��)",2015-05-22
290,����Ư����ġ��,���ֽ�,�ѽ�,���κ�,Ȳ��췷�ӹ�������,����Ư����ġ�� ���ֽ� ����� ������ 50-3,2008-06-23
291,����Ư����ġ��,���ֽ�,�ѽ�,�߰���,ȿ��õ�߰���(������),"����Ư����ġ�� ���ֽ� ��������� 5, ����1�� (���ǵ�)",2022-11-24
292,����Ư����ġ��,���ֽ�,�ѽ�,�߰���,ȿ��õ�߰���(������),����Ư����ġ�� ���ֽ� ����51���� 9 (���嵿),2022-06-24
293,����Ư����ġ��,���ֽ�,�ѽ�,�߰���,ȿ��õ�߰�����,"����Ư����ġ�� ���ֽ� �ٿ��� 12, 1�� (�ܰ赿)",2020-06-02
294,����Ư����ġ��,���ֽ�,�ѽ�,��������,��������Ĵ���ֺ���,"����Ư����ġ�� ���ֽ� ������ 10, 2�� (�ݰ, 201,202,203ȣ)",2023-06-16
295,����Ư����ġ��,���ֽ�,Ƚ��,�۾�ȸ,���۾�Ƚ��,"����Ư����ġ�� ���ֽ� ���ʸ� ġ�Ƿ� 2382, ����1��",2017-06-01
296,����Ư����ġ��,���ֽ�,�ѽ�,��,�������,����Ư����ġ�� ���ֽ� ����� ������ 29-3,2009-06-03
297,����Ư����ġ��,����,�ѽ�,"�Ұ���, ������",�켮��,����Ư����ġ�� ������ ������ �õ������ 113,2018-10-02
298,����Ư����ġ��,����,����,����(���ұ���),������,����Ư����ġ�� ������ ���̱� 29 (ȫ����),2012-11-26
299,����Ư����ġ��,����,����,��������,����������ä����,����Ư����ġ�� ������ ���Ϸ� 457 (���),2011-05-17
300,����Ư����ġ��,����,�Ͻ�,"���ȸ, �ſ���",�ӱ���Ƚ��,����Ư����ġ�� ������ â�ط� 19 (�߼ҵ�),2008-04-23
301,����Ư����ġ��,����,�ѽ�,����,�����ҹ��,����Ư����ġ�� ������ ���η� 5 (���),2014-06-18
302,����Ư����ġ��,����,�Ͻ�,"���ȸ, �ſ���",������ȭȽ��,����Ư����ġ�� ������ â�ط� 348 (������),2009-04-23
303,����Ư����ġ��,����,�ѽ�,��,����������,����Ư����ġ�� ������ ����� 28 (������),2019-12-18
304,����Ư����ġ��,����,�ѽ�,������,�������濰��,"����Ư����ġ�� ������ �ֿ÷� 65, 2�� (����)",2018-10-02
305,����Ư����ġ��,����,�ѽ�,��,������õ��,"����Ư����ġ�� ������ �����̷�63���� 18-15, Ǫ������ 2�� 1�� 101ȣ (ȫ����)",2019-12-18
306,����Ư����ġ��,����,�ѽ�,"����, ������",KIS�������(��)����(��������)�ްԼҳ�κδ��,����Ư����ġ�� ������ ����� �������ӵ��� 232,2016-08-16
307,����Ư����ġ��,����,���,"������Ƽ,������",���𵵷�,����Ư����ġ�� ������ �ð�� 2 (ȸ�굿),2007-11-23
308,����Ư����ġ��,����,����,�ѿ챸��,�����ѿ�������,����Ư����ġ�� ������ ��������� 11 (��õ��),2014-06-18
309,����Ư����ġ��,����,�ѽ�,"�߰���, ������",��õ���̴߰���,����Ư����ġ�� ������ ������ 60 (�Ծϵ�),2013-11-13
310,����Ư����ġ��,����,�Ͻ�,"���ȸ, �ſ���",�ؼ�Ƚ��,����Ư����ġ�� ������ â�ط�14���� 16 (�߼ҵ�),2007-11-23
311,����Ư����ġ��,����,����,������ä�Ұ���,�屺�ÿ��߳�����������,����Ư����ġ�� ������ ����� 20 (������),2009-04-23
312,����Ư����ġ��,����,�Ͻ�,��ġ�丮,�Ŷ��̻�ε�����ġ,����Ư����ġ�� ������ �ֿ÷� 67 (����),2013-07-05
313,����Ư����ġ��,����,�Ͻ�,���ȸ,�ǵ���,����Ư����ġ�� ������ â�ط� 427 (������),2017-09-29
314,����Ư����ġ��,����,�ѽ�,������,���ذ�,����Ư����ġ�� ������ ����� 3020 (����),2013-11-13
315,����Ư����ġ��,����,����,"���, ���İ�Ƽ",������ī��������,����Ư����ġ�� ������ �����ʱ���43���� 13-1 (����),2018-10-02
316,����Ư����ġ��,����,�ѽ�,������,����������,����Ư����ġ�� ������ �߾ӽ���3�� 15-3 (������),2017-09-29
317,����Ư����ġ��,����,�Ͻ�,ȸ(�ڽ��丮),��繮&����������,����Ư����ġ�� ������ ������ 78-22 (����),2011-05-17
318,����Ư����ġ��,����,�ѽ�,"�ذ���, �ع���, ��ȸ",�ذ�Ӵ�,����Ư����ġ�� ������ ��õ�� 77 (����),2015-11-17
319,����Ư����ġ��,����,�ѽ�,"���������, ��ȸ",��ȭ����,����Ư����ġ�� ������ ������ ǳȣ�� 100-1,2016-04-26
320,����Ư����ġ��,����,�Ͻ�,��ȸ,������Ǭ�̹�ȸ,����Ư����ġ�� ������ ��õ�� �����غ��� 67,2017-09-29
321,����Ư����ġ��,����,�Ͻ�,"Ȱ��ȸ, �ſ���",�����ѹ�ȸ���,"����Ư����ġ�� ������ â�ط� 491, 1�� 3ȣ (������)",1997-07-07
322,����Ư����ġ��,����,�ѽ�,��������,����̾߱�,����Ư����ġ�� ������ ������ 165 (����),2016-12-28
323,����Ư����ġ��,����,�Ͻ�,��ȸ,����������ȸ,����Ư����ġ�� ������ �ؾȷ� 609 (������),2017-09-29
324,����Ư����ġ��,����,�ѽ�,���������,���������������,����Ư����ġ�� ������ �ȼ۱� 6 (������),2010-04-20
325,����Ư����ġ��,����,����,"������, �����",�������Ұ���,����Ư����ġ�� ������ ����� 149 (����),2017-07-13
326,����Ư����ġ��,����,����,�ѿ챸��,��ǰȾ���ѿ����,����Ư����ġ�� ������ �����ʱ���11���� 15 (����),2017-09-29
327,����Ư����ġ��,����,����,"�濰����,����",���ÿ�����,����Ư����ġ�� ������ �������419���� 17 (������),1997-07-07
328,����Ư����ġ��,����,�Ͻ�,"����ȸ, �ſ���",��õ����,����Ư����ġ�� ������ ��õ�� �����ױ��� 35,2017-07-13
329,����Ư����ġ��,����,�ѽ�,"���ڿ˽���, Į����",���ڹٿ�Ĵ�,"����Ư����ġ�� ������ �ݼ���35���� 4, 2�� (������)",2017-04-11
330,����Ư����ġ��,����,�ѽ�,"�κ�, ������",�������ʴ���κ�(�ʴ���),����Ư����ġ�� ������ ������� 200 (�ʴ絿),2008-04-23
331,����Ư����ġ��,����,����,"������, �������",���̱���&���갭����,����Ư����ġ�� ������ �ֿ÷�5���� 40-3 (����),2012-06-12
332,����Ư����ġ��,����,�ѽ�,������,�Ÿ����������,����Ư����ġ�� ������ �Ͻ����177���� 7 (����),2014-12-01
333,����Ư����ġ��,����,����,"����, �簥��",�ݱ��������ι����,����Ư����ġ�� ������ ������121���� 10 (������),2015-11-17
334,����Ư����ġ��,����,�Ͻ�,"���ȸ, ����",�ٴٸ���Ƚ��,����Ư����ġ�� ������ ������ ��������� 23,2014-12-01
335,����Ư����ġ��,����,�ѽ�,"û����,���κ�,«�ͼ��κ�",��ȭ�������«��,����Ư����ġ�� ������ �ʴ���κα�77���� 15 (�ʴ絿),1997-07-07
336,����Ư����ġ��,����,�н�,"������,����",�����ڸ�����,����Ư����ġ�� ������ ������ �뵿�ȱ� 17,1997-07-07
337,����Ư����ġ��,����,�н�,"������,�ҸӸ�����",�뷡�����,����Ư����ġ�� ������ ���η� 54-6 (���),2005-10-21
338,����Ư����ġ��,����,�н�,"������,����",���׸��,����Ư����ġ�� ������ �ֹ����� ���ַ� 263,2006-05-02
339,����Ư����ġ��,����,�н�,"������,����",������,����Ư����ġ�� ������ ����� ����� 17,2007-07-20
340,����Ư����ġ��,����,�Ͻ�,"���ȸ, �ſ���",��Ƚ��,"����Ư����ġ�� ������ â�ط� 419 (������,��1����)",2009-04-23
341,����Ư����ġ��,����,�ѽ�,"�����,������,�߽�",�����ƻ�Ǫ����Ʈ,����Ư����ġ�� ������ ��õ�� �浿�� 38-1,2010-04-20
342,����Ư����ġ��,����,�Ͻ�,"���ȸ,��ȸ",��õ���ֹ�����ȸ,����Ư����ġ�� ������ ��õ�� �����ױ��� 49,2010-04-20
343,����Ư����ġ��,����,�ѽ�,���뱹,������,����Ư����ġ�� ������ ����� ĥ���� 15-7,2011-05-19
344,����Ư����ġ��,����,����,"�հ���, �ø�",������,����Ư����ġ�� ������ �ӿ��� 3 (��ϵ�),2012-11-26
345,����Ư����ġ��,����,�н�,"��Į����, �η�ġ��",ȸ����Į����,����Ư����ġ�� ������ �伺�� 65 (ȫ����),2013-04-18
346,����Ư����ġ��,����,�н�,������,�̰��׸��,����Ư����ġ�� ������ �Ͻ����177���� 14 (����),2014-12-01
347,����Ư����ġ��,����,�н�,������,���긷����,"����Ư����ġ�� ������ ������ 226, 1�� (��ϵ�)",2015-04-27
348,����Ư����ġ��,����,�ѽ�,���κ�����,���̼��κ�,����Ư����ġ�� ������ �ʴ���κα� 108 (������),2015-04-27
349,����Ư����ġ��,����,�ѽ�,���,��β���Ĵ�,����Ư����ġ�� ������ ������18���� 36 (������),2015-04-27
350,����Ư����ġ��,����,�ѽ�,�����ӻ���,������,����Ư����ġ�� ������ �ֿ÷�5���� 40-1 (����),2015-11-17
351,����Ư����ġ��,����,�ѽ�,��������,�ִ�,����Ư����ġ�� ������ ������� 10 (����),2015-04-27
352,����Ư����ġ��,����,�ѽ�,�������̹��,��ä��,����Ư����ġ�� ������ ����� ĥ���� 26-45,2015-04-27
353,����Ư����ġ��,����,����,�Ұ��� ��ұ���,����ȯ�����ѿ�,����Ư����ġ�� ������ ����� ���Ӵ��107���� 89,2015-11-17
354,����Ư����ġ��,����,�ѽ�,"��ä����,��ä�����",�������ä�곪��õ��,����Ư����ġ�� ������ ������� 168 (�ʴ絿),2015-04-27
355,����Ư����ġ��,����,�ѽ�,"«�ͼ��κ�,�˵�����",�ʴ�˵����κ�,����Ư����ġ�� ������ �ʴ���κα� 75 (�ʴ絿),2015-11-17
356,����Ư����ġ��,����,�н�,������,�ﱳ����ġ�̸���������,����Ư����ġ�� ������ ������ ���Ϸ� 364,2016-08-16
357,����Ư����ġ��,����,����,�Ұ��ⱸ��,���̸������ѿ�,����Ư����ġ�� ������ ����� �Ҹ�� 203-10,2016-04-26
358,����Ư����ġ��,����,����,"���ⱸ��, ������",����ȸ��1ȣ��,����Ư����ġ�� ������ ���η�212���� 13 (��ϵ�),2016-04-26
359,����Ư����ġ��,����,�ѽ�,���ȸ,������,"����Ư����ġ�� ������ ������463���� 29, 1�� (������)",2017-04-11
360,����Ư����ġ��,����,�ѽ�,"����, �ø�, ������",�׺��ø�,����Ư����ġ�� ������ �伺�� 156-2 (�Ӵ絿),2017-07-13
361,����Ư����ġ��,����,�ѽ�,"���ڿ˽���, ������",�������ڿ˽���,����Ư����ġ�� ������ ���ױ� 46 (���굿),2017-04-11
362,����Ư����ġ��,����,�Ͻ�,�޹б���(�ҹ�),�������,����Ư����ġ�� ������ ����������188���� 27 (������),2017-09-29
363,����Ư����ġ��,����,�ѽ�,������,���μ�����������,����Ư����ġ�� ������ ���������� 56 (�Ծϵ�),2017-04-11
364,����Ư����ġ��,����,�ѽ�,������,������,����Ư����ġ�� ������ �伺�� 169 (�Ӵ絿),2017-09-29
365,����Ư����ġ��,����,�߽�,"�����, ������",���������̳�,����Ư����ġ�� ������ ����� ����3�� 4,2017-09-29
366,����Ư����ġ��,����,�ѽ�,���κ�,�ʴ��ҸӴϼ��κ�,����Ư����ġ�� ������ �ʴ���κα� 77 (�ʴ絿),2017-09-29
367,����Ư����ġ��,����,���,"������ũ, �Ľ�Ÿ",�̴�ũ���̺�,"����Ư����ġ�� ������ �����̷�63���� 34-8, 1��(ȫ����)",2023-03-06
368,����Ư����ġ��,����,����,�ѿ�,�����ѿ�Ÿ��,����Ư����ġ�� ������ â�ط� 283 (������),2023-03-06
369,����Ư����ġ��,����,�ѽ�,�̿���,���������� �ϼ��ֹ̿�,"����Ư����ġ�� ������ ������� 73, 1�� (������)",2023-03-06
370,����Ư����ġ��,����,�ѽ�,���߰���,��â����������蹰�߰���,����Ư����ġ�� ������ ����� ����� 92,2023-03-06
371,����Ư����ġ��,����,���,"������ũ, �Ľ�Ÿ",����������ũ�Ͽ콺,"����Ư����ġ�� ������ �������78���� 51, 1�� (������)",2023-03-06
372,����Ư����ġ��,����,�ѽ�,�ع���,�ؿ�������,����Ư����ġ�� ������ �����̷�63���� 18-9 (ȫ����),2023-03-06
373,����Ư����ġ��,����,����,�ѿ�,�����ѿ�ݼ۾���,����Ư����ġ�� ������ �������359���� 5-15 (������),2023-03-06
374,����Ư����ġ��,����,�ѽ�,������,��ä��,����Ư����ġ�� ������ �氭��2095���� 17 (�Ӵ絿),2023-12-05
375,����Ư����ġ��,����,�ѽ�,������,���⸷����,����Ư����ġ�� ������ ���ױ� 12 (���굿),2023-12-05
376,����Ư����ġ��,����,�ѽ�,������,"KIS�������(��)����(��õ����)�ްԼ� �����Ĵ�,�λ�������",����Ư����ġ�� ������ ����� �������ӵ��� 231,2023-12-05
377,����Ư����ġ��,���ؽ�,�ѽ�,"���絹�ܹ�,�������,�ѿ�,   ����",��������,����Ư����ġ�� ���ؽ� �ΰ�1�� 2 (�ΰ),2011-11-01
378,����Ư����ġ��,���ؽ�,�ø���,"���ø�, ����ø� ��",�ø�ǰ�(Ҳ����ʫ),"����Ư����ġ�� ���ؽ� �߾ӷ� 236, ���� 1�� (õ�)",2022-11-01
379,����Ư����ġ��,���ؽ�,�ѽ�,�δ��,��κδ��&ö�Ǳ���,"����Ư����ġ�� ���ؽ� �Ѽ��� 111-7, 110ȣ (õ�)",2022-11-01
380,����Ư����ġ��,���ؽ�,�ѽ�,"�ø�, �ᳪ������ ��",�����Ħ�ø�,����Ư����ġ�� ���ؽ� ����1�� 3 (õ�),2022-11-01
381,����Ư����ġ��,���ؽ�,�ѽ�,�߰���,���ش߰��� õ����,"����Ư����ġ�� ���ؽ� �Ѽ��� 126-2, 1�� 105ȣ (õ�)",2017-11-01
382,����Ư����ġ��,���ؽ�,Ƚ��,"���ȸ,��ȸ,ȸ����",����Ƚ��,"����Ư����ġ�� ���ؽ� �д������ 22, 1,2�� (�߾ϵ�)",2019-11-01
383,����Ư����ġ��,���ؽ�,����(���ұ���),"�ɰ����,�ɵ��,��â��",���,����Ư����ġ�� ���ؽ� ���6�� 12 (�򸪵�),2018-11-01
384,����Ư����ġ��,���ؽ�,����(���ұ���),��������,�������簥��������,"����Ư����ġ�� ���ؽ� �򸪱� 32, 1�� 109,110ȣ (�򸪵�)",2021-11-01
385,����Ư����ġ��,���ؽ�,����,"����,�Ľ�Ÿ,������",�������쵿����,"����Ư����ġ�� ���ؽ� �򸪱� 1, ���� ����1�� (õ�)",2012-11-15
386,����Ư����ġ��,���ؽ�,�ѽ�,"�����ν�����, �����ֹ���",��������,"����Ư����ġ�� ���ؽ� �߾ӷ� 236, ���� 2�� (õ�)",2023-11-01
387,����Ư����ġ��,���ؽ�,����(���ұ���),"�ɵ��,�����,���ä����",���ä,"����Ư����ġ�� ���ؽ� �򸪱� 52-2, 1�� (�򸪵�)",2015-11-02
388,����Ư����ġ��,���ؽ�,����(���ұ���),"��������,��â����",��۰���,����Ư����ġ�� ���ؽ� ������ 39 (������),2004-11-30
389,����Ư����ġ��,���ؽ�,Ƚ��,"���ȸ,ȸ����,��ȸ ��",��âȸ��,����Ư����ġ�� ���ؽ� ����� 233 (��޵�),2013-11-01
390,����Ư����ġ��,���ؽ�,Ƚ��,"����ȸ,������ȸ,�ſ���",����Ƚ��,"����Ư����ġ�� ���ؽ� ����6�� 34, 2�� (õ�)",2009-05-29
391,����Ư����ġ��,���ؽ�,�Ͻ�,"����,�ʹ�,ȸ����",���ð���,"����Ư����ġ�� ���ؽ� ȿ�ڳ��� 28-1, 1�� (��ȸ��)",2018-11-01
392,����Ư����ġ��,���ؽ�,����(���ұ���),"����,���,��������",���̳׿ռұݱ���,"����Ư����ġ�� ���ؽ� ȿ�ڳ��� 29-8, 2�� (��)",2017-11-01
393,����Ư����ġ��,���ؽ�,�Ͻ�,"ȸ����,���ȸ,��������",�����,����Ư����ġ�� ���ؽ� �Ѽ��� 135-3 (õ�),2002-04-30
394,����Ư����ġ��,���ؽ�,����,�ܹ��� ������ũ ��,�װ�,"����Ư����ġ�� ���ؽ� ���ش�� 6270-18, 108ȣ (����)",2022-11-01
395,����Ư����ġ��,���ؽ�,�ѽ�,���,�ֽ�ȸ�� ���ط��þƴ�Ը���,"����Ư����ġ�� ���ؽ� �߾������� 2, 2�� (�߾ϵ�)",2020-11-02
396,����Ư����ġ��,���ؽ�,�ѽ�,"�ع���,�ع���",õ���ع���,����Ư����ġ�� ���ؽ� �Ѽ��� 111-1 (õ�),2017-11-01
397,����Ư����ġ��,���ؽ�,�ø���,"������,���α�",õ��������,"����Ư����ġ�� ���ؽ� ����1�� 40, 1�� (õ�)",2023-11-01
398,����Ư����ġ��,���ؽ�,Ƚ��,"Ȱ��ȸ,ȸ����,��ȸ,�ſ���",�߾�Ƚ�����,"����Ư����ġ�� ���ؽ� �д������ 16-2, 1,2�� (�߾ϵ�)",2016-11-01
399,����Ư����ġ��,���ؽ�,����,"�Ľ�Ÿ,����,������",�ǾƳ�,"����Ư����ġ�� ���ؽ� ���ش�� 6270-18, 201,202ȣ (����, �����غ���, (��)��)",2017-11-01
400,����Ư����ġ��,���ؽ�,����(���ұ���),���� ��,ȭ�α���,"����Ư����ġ�� ���ؽ� ����1�� 5-1, 1�� (�򸪵�)",2020-11-02
401,����Ư����ġ��,�¹��,�ѽ�,����,���������,�¹�� ������2�� 4 (Ȳ����),2022-11-09
402,����Ư����ġ��,�¹��,�߽�,��ȭ�丮,��ȭ����,�¹�� ����ϱ� 8 (Ȳ����),2002-05-21
403,����Ư����ġ��,�¹��,�ѽ�,���ұ���,�°������Ǻ�,�¹�� ����� 42 (Ȳ����),2002-05-21
404,����Ư����ġ��,�¹��,�ѽ�,�ᱹ��,�����ҽĴ�,�¹�� ������ 22 (�强��),2004-07-01
405,����Ư����ġ��,�¹��,�ѽ�,���ұ���,�Ƹ����Ǻ�ȸ��,�¹�� �¹��� 5131-4 (Ȳ����),2004-12-27
406,����Ư����ġ��,�¹��,�ѽ�,�����,�����,�¹�� ���з� 1134 (Ȳ����),2005-07-01
407,����Ư����ġ��,�¹��,�ѽ�,������,�ڴ���,�¹�� ���¹�� 823 (��굿),2007-06-29
408,����Ư����ġ��,�¹��,�ѽ�,���ұ���,�¹���ѿ���,�¹�� �¹�� 911 (Ȳ����),2008-07-02
409,����Ư����ġ��,�¹��,�ѽ�,���ұ���,������,�¹�� ���з� 994 (Ȳ����),2009-07-16
410,����Ư����ġ��,�¹��,�ѽ�,������,����������,�¹�� ������ 4 (���),2008-07-02
411,����Ư����ġ��,�¹��,�ѽ�,���ұ���,�¹������ѿ�,�¹�� ������ 208 (Ȳ����),2010-06-24
412,����Ư����ġ��,�¹��,�ѽ�,���ұ���,���ȭ�α���,�¹�� �ºշ� 5 (Ȳ����),2013-07-10
413,����Ư����ġ��,�¹��,�ѽ�,"���ұ���, ������",�̵����� ������,�¹�� ���з� 1032 (Ȳ����),2014-08-01
414,����Ư����ġ��,�¹��,�ѽ�,"������,������",����,�¹�� ���峲�� 64(Ȳ����),2015-10-01
415,����Ư����ġ��,�¹��,�ѽ�,"���ұ���,������",������������,�¹�� �¹�� 365(ȭ����),2015-10-01
416,����Ư����ġ��,�¹��,�ѽ�,�δ��,�޸��ºδ��,�¹�� ������ 205(Ȳ����),2015-10-01
417,����Ư����ġ��,�¹��,�ѽ�,"������,Į����",Ȳ�������������,�¹�� Ȳ����3�� 6(Ȳ����),2015-10-01
418,����Ư����ġ��,�¹��,�ѽ�,���߰���,�������¹鹰�߰���,�¹�� ������ 339(Ȳ����),2016-10-03
419,����Ư����ġ��,�¹��,�ѽ�,�Ʊ���,�ָ��Ʊ���,�¹�� Ȳ����3�� 6(Ȳ����),2017-10-23
420,����Ư����ġ��,�¹��,�ѽ�,���ұ���,Ȳ�ҽǺ�,�¹�� �¹�� 968(Ȳ����),2019-10-10
421,����Ư����ġ��,�¹��,�ѽ�,���ұ���,���鵯,�¹�� ���1�� 48-22(�ҵ���),2019-10-10
422,����Ư����ġ��,�¹��,�ѽ�,���,�¹���ʹ��,�¹�� ���±� 129(Ȳ����),2020-11-01
423,����Ư����ġ��,�¹��,�����,�ѽĺ���,Ȳ���ں���,�¹�� ������ 362(Ȳ����),2020-11-01
424,����Ư����ġ��,�¹��,�����,�ѽĺ���,�ٺ�������,�¹�� �强�� 36-159(�强��),2020-11-01
425,����Ư����ġ��,�¹��,�ѽ�,�߰���,�ҷδ�,�¹�� ���¹�� 434(ö�ϵ�),2020-11-01
426,����Ư����ġ��,�¹��,�ѽ�,���ұ���,������ź����,�¹�� �强�� 29-1(�强��),2020-11-01
427,����Ư����ġ��,�¹��,�ѽ�,���ұ���,����ȸ��,�¹�� õ���ܱ� 160(�ҵ���),2020-11-01
428,����Ư����ġ��,�¹��,�ѽ�,"����,�κ�,������",��?��?��,�¹�� ���±� 102(Ȳ����),2020-11-01
429,����Ư����ġ��,�¹��,�ѽ�,���ұ���,����������,�¹�� �����2�� 5-1(Ȳ����),2020-11-01
430,����Ư����ġ��,�¹��,�ѽ�,���ұ���,�ѿ츶��,�¹�� ������ 349-1(Ȳ����),2020-11-01
431,����Ư����ġ��,�¹��,�ѽ�,�߰���,153���δ߻縮,�¹�� ������ 137 (Ȳ����),2020-11-09
432,����Ư����ġ��,�¹��,�ѽ�,���屹,�¹��Ĵ�Ƣ��,�¹�� �����2�� 25 (Ȳ����),2020-11-09
433,����Ư����ġ��,�¹��,�ѽ�,���屹,��������屹,�¹�� ���±� 48 (Ȳ����),2020-11-09
434,����Ư����ġ��,�¹��,���,"���, ���Ƕ��̽�",����,�¹�� ���з� 1046(Ȳ����),2023-11-07
435,����Ư����ġ��,�¹��,�ѽ�,���ұ���,��������,"�¹�� ���б� 45, 1��(Ȳ����)",2023-11-07
436,����Ư����ġ��,�¹��,�ѽ�,Į����,�Ѽ���Į����,�¹�� �������η� 468(Ȳ����),2023-11-07
437,����Ư����ġ��,�¹��,�ѽ�,"�߰���, ������",�¹鸷����,�¹�� ���±� 23(Ȳ����),2023-11-07
438,����Ư����ġ��,�¹��,�ѽ�,"������, �ø�",�����,�¹�� õ���ٱ� 62(�ҵ���),2023-11-07
439,����Ư����ġ��,�¹��,�ѽ�,��������,�ȵ�������� �����Ĵ�,�¹�� ���з� 1037(Ȳ����),2023-11-07
440,����Ư����ġ��,�¹��,�ѽ�,����,24�� ���ָ����ᳪ������,�¹�� ���峲�� 29(Ȳ����),2023-11-07
441,����Ư����ġ��,���ʽ�,�ѽ�,"�Ұ���, ����",���ڰ���,"������ ���ʽ� ���� ��������2��6,1��",2015.11.17.
442,����Ư����ġ��,���ʽ�,�ѽ�,"������, ������",����,������ ���ʽ� ���� �԰Ÿ�4��5,2017.11.10
443,����Ư����ġ��,���ʽ�,�ѽ�,"������, �ع���",�����ع�,������ ���ʽ� ���� �԰Ÿ�6��7,2013.11.11
444,����Ư����ġ��,���ʽ�,�ѽ�,"���屹, �����",�������屹,������ ���ʽ� ���е� ������447,2011.07.05
445,����Ư����ġ��,���ʽ�,�ѽ�,���������,�׸������,������ ���ʽ� ������ �����34,2012.12.17
446,����Ư����ġ��,���ʽ�,�ѽ�,"�ø�, ����",�ø鰡,������ ���ʽ� ��ȣ�� �߾ӷ�129����53 2��,2015.11.17
447,����Ư����ġ��,���ʽ�,�ѽ�,"ȸ�ø�, ���뱹��",��õ�Ĵ�,������ ���ʽ� ûȣ�� �ƹ��̸����� 17,2015.11.17
448,����Ư����ġ��,���ʽ�,�Ͻ�,"���ȸ, ���",�뼱Ƚ��,������ ���ʽ� ������ �����ؾȱ�12,2005.05.30
449,����Ư����ġ��,���ʽ�,�Ͻ�,"�����, ȸ",������Ի��,������ ���ʽ� ������ �����ױ� 11,2017.11.10
450,����Ư����ġ��,���ʽ�,�ѽ�,"�ø�, ������",�������,������ ���ʽ� ������ ���ǻ��4���� 163-11,2013.11.11
451,����Ư����ġ��,���ʽ�,�ѽ�,�߾���,�����߾���,������ ���ʽ� ���� ��õ4��53-8,2016.11.04
452,����Ư����ġ��,���ʽ�,�Ͻ�,"�ѿ�, �ѵ�",����û���ѿ� �� �ѵ�,������ ���ʽ� ���絿 ����� 7-10,2017.11.10
453,����Ư����ġ��,���ʽ�,�ѽ�,"�ø�, ������",���ظ��,������ ���ʽ� ������ ������6��18,2011.07.05
454,����Ư����ġ��,���ʽ�,�ѽ�,"��������, ����",���氥��,������ ���ʽ� ���� �԰Ÿ�2��6,2015.11.17
455,����Ư����ġ��,���ʽ�,�ѽ�,����,��������,������ ���ʽ� ���� �԰Ÿ�4��35,2007.06.30
456,����Ư����ġ��,���ʽ�,�ѽ�,"���κ�, Ȳ�±���",�ʴ纻���ҸӴϼ��κ�,������ ���ʽ� ���е� ������ 362,2012.12.17
457,����Ư����ġ��,���ʽ�,�ѽ�,"������, ������",���Ǻ���������,������ ���ʽ� ��絿 �̽÷ɷ� 3143,2010.08.02
458,����Ư����ġ��,���ʽ�,�ѽ�,����,�������ι����,������ ���ʽ� ���� ��õ2��17-5,2008.06.26
459,����Ư����ġ��,���ʽ�,�ѽ�,"������, �޹�Į����",�Ҿߵ�ġ�̸�����,������ ���ʽ� ���絿 û��ȣ�ݷ� 76,2008.06.26
460,����Ư����ġ��,���ʽ�,�Ͻ�,��Կ丮,�ֽ�ȸ�� �������ʰ���,������ ���ʽ� ���е� ������ 250,2017.11.10
461,����Ư����ġ��,���ʽ�,�ѽ�,�߰���,���ʿ�̴߰���,������ ���ʽ� ���� �԰Ÿ�1��6,2012.12.17
462,����Ư����ġ��,���ʽ�,�ѽ�,"��ä�����, ���������",����,������ ���ʽ� ���ǵ� ���ǻ�� 1081,2016.11.04
463,����Ư����ġ��,���ʽ�,�ѽ�,������,�����̳���,������ ���ʽ� ���絿 ���ش�� 3930���� 6,2011.07.05
464,����Ư����ġ��,���ʽ�,�Ͻ�,"��ҹ�ȭ, �������ܹ�",���깰ȸ,������ ���ʽ� ���絿 ��������1�� 14,2013.11.11
465,����Ư����ġ��,���ʽ�,�Ͻ�,"���ȸ, �ſ���",�����ٽ�õ��Ƚ��,������ ���ʽ� ������ �����ؾȱ�9,2003.07.01
466,����Ư����ġ��,���ʽ�,�Ͻ�,"���ȸ, ���",�ŵ������ȸ��,������ ���ʽ� ������ �����ؾȱ� 79,2015.11.17
467,����Ư����ġ��,���ʽ�,�ѽ�,"���, �����",���̿�,������ ���ʽ� ���� û���341,2009.07.01
468,����Ư����ġ��,���ʽ�,�Ͻ�,"���ȸ, ��ȸ",���ѻ�ȸ��,������ ���ʽ� ��絿 ������ؾȱ� 23,2003.07.01
469,����Ư����ġ��,���ʽ�,�ѽ�,"��ɱ���, ��������",����ȭ�ν��ұ���,������ ���ʽ� ���� �԰Ÿ�3�� 13,2015.11.17
470,����Ư����ġ��,���ʽ�,�ѽ�,"����κ�, ���κ�",���������κ�,������ ���ʽ� ���е� �����л����114,2003.07.01
471,����Ư����ġ��,���ʽ�,�ѽ�,"���ȸ, ���",�����ȸ��,������ ���ʽ� ��絿 ������ؾȱ�58,2003.07.01
472,����Ư����ġ��,���ʽ�,�ѽ�,"�����ν�, �ֹ���",�������,������ ���ʽ� ���絿 û�븶��2��29-4,2010.08.02
473,����Ư����ġ��,���ʽ�,�Ͻ�,"���ȸ, �ſ���",�հ�Ƚ��,������ ���ʽ� ������ �����ؾȱ�15,2003.07.01
474,����Ư����ġ��,���ʽ�,�ѽ�,������,�̸�׽Ĵ�,������ ���ʽ� ������ �����ؾ�6��16,2010.08.02
475,����Ư����ġ��,���ʽ�,�Ͻ�,"���ȸ, ��ȸ",�����Ȱ��ȸ��,"������ ���ʽ� ������ �����������105,1-2��",2015.11.17
476,����Ư����ġ��,���ʽ�,�ѽ�,�����,���ֻ����,������ ���ʽ� ���е� ��������77,2015.11.17
477,����Ư����ġ��,���ʽ�,�ѽ�,"��ä�����, ��������",�������ä,������ ���ʽ� ���е� �̸�� 132,2017.11.10
478,����Ư����ġ��,���ʽ�,�ѽ�,"�ø�, ������",õ�ϸ��,������ ���ʽ� ���е� û���321����9,2017.04.20
479,����Ư����ġ��,���ʽ�,�ѽ�,"�Ұ���, ��������",õ�ϰ���,������ ���ʽ� ��ȣ�� ������90����36,2007.06.30
480,����Ư����ġ��,���ʽ�,�Ͻ�,"���ȸ, ��ȸ",�ڸ���ȸ��(����),������ ���ʽ� ��絿 ������ؾȱ�64-5,2003.07.01
481,����Ư����ġ��,���ʽ�,���,"�Ľ�Ÿ, ����",�׶�,"������ ���ʽ� �߾ӵ� �߾ӷ�129����6,2��",2014.11.12
482,����Ư����ġ��,���ʽ�,�ѽ�,�δ��,����δ��,������ ���ʽ� ��ȣ��  û��ȣ�ݷ�306,2015.11.17.
483,����Ư����ġ��,���ʽ�,�ѽ�,������,�ҸӴϰ�����������,������ ���ʽ� ����  û��ȣ�ݷ�186,2016.11.04
484,����Ư����ġ��,���ʽ�,�Ͻ�,"���ȸ, ��ȸ",����Ȱ��Ƚ��,������ ���ʽ� ��絿 ������ؾȱ� 57,2018.12.07
485,����Ư����ġ��,���ʽ�,�ѽ�,"��ū���κ�, ��������",������κ�,������ ���ʽ� ������ ���ǻ��32,2018.12.07
486,����Ư����ġ��,���ʽ�,�߽�,"«��, ������",�����ع��ҹ��«���� ��,������ ���ʽ� ���� �԰Ÿ�2��17,2018.12.07
487,����Ư����ġ��,���ʽ�,���,"�Ľ�Ÿ, ���ʹ䱸��",�ͱԴ����̺�,"������ ���ʽ� ���� û��ȣ�ݷ� 176,2��",2018.12.07
488,����Ư����ġ��,���ʽ�,�ѽ�,"���κ�, Ȳ�±���",�����緡���ҸӴϼ��κ�,������ ���ʽ� ���е� �����л���� 177,2018.12.07
489,����Ư����ġ��,���ʽ�,�ѽ�,"��������, ����",����ȯ�հ���,������ ���ʽ� ������ ������105����37,2018.12.07
490,����Ư����ġ��,���ʽ�,�ѽ�,���뱸��,�߼��ʻ��뱸,������ ���ʽ� ������ �����ؾ�3��14,2018.12.07
491,����Ư����ġ��,���ʽ�,�ѽ�,"���κ�, �����ܹ�����",�Ἥ��,������ ���ʽ� ���е� ������ 394,2018.12.07
492,����Ư����ġ��,���ʽ�,�ѽ�,���屹,�ҹ��������屹,������ ���ʽ� ���絿 ��������1��19,2019.11.21.
493,����Ư����ġ��,���ʽ�,�ѽ�,�Ұ��ⱸ��,�ϴ�����,������ ���ʽ� ���絿 û��� 228,2019.11.21.
494,����Ư����ġ��,���ʽ�,�ѽ�,�������,ä����,������ ���ʽ� ���� û��ȣ�ݷ� 192,2019.11.21.
495,����Ư����ġ��,���ʽ�,�ѽ�,"�����ܹ�����, Ȳ�±���",��õ��,������ ���ʽ� ���е� ��õ�� 6,2019.11.21.
496,����Ư����ġ��,���ʽ�,�ѽ�,���,ô�������1��,������ ���ʽ� ���е� ��õ�� 11,2019.11.21.
497,����Ư����ġ��,���ʽ�,�ѽ�,�����÷�������,�����̰���,������ ���ʽ� ���е� ��õ�� 147,2019.11.21.
498,����Ư����ġ��,���ʽ�,�ѽ�,"�ø�, ������",����ø��,������ ���ʽ� ��ȣ�� û��ȣ�ݷ� 299,2019.11.21.
499,����Ư����ġ��,���ʽ�,�ѽ�,"��������, �ø�",���������ʱ�����,"������ ���ʽ� ���� û��ȣ�ݷ� 178, 1��",2020.11.30.
500,����Ư����ġ��,���ʽ�,�Ͻ�,"���ȸ, �ſ���",�̸�ȸ��,"������ ���ʽ� ��絿 ������ؾȱ�13, 1~2��",2020.11.30.
501,����Ư����ġ��,���ʽ�,�Ͻ�,�Ͻ�,ū��,������ ���ʽ� ��絿 �߾ӷ� 416-5,2020.11.30.
502,����Ư����ġ��,���ʽ�,�ѽ�,"����, ����",�ֽ�ȸ�絷�츶��,������ ���ʽ� ���絿 û��ȣ�ݷ� 56,2020.11.30.
503,����Ư����ġ��,���ʽ�,�ѽ�,�ع���,�������ع���,"������ ���ʽ� ���絿 �������� 1��14, 1��",2020.11.30.
504,����Ư����ġ��,���ʽ�,���,"�Ľ�Ÿ,����",�͹̳�,"������ ���ʽ� ûȣ�� ûȣ�� 39, 1��",2021.10.28.
505,����Ư����ġ��,���ʽ�,�ѽ�,"����, ����",�Ѽ�������(����),������ ���ʽ� ���е� �θ����250,2003.07.01
506,����Ư����ġ��,���ʽ�,�Ͻ�,�Ͻ�,û�ʼ���ȸ�ؼ���(����),"������ ���ʽ� ���絿 ��������12-36, 2~4��",2015.11.17
507,����Ư����ġ��,���ʽ�,�ѽ�,�뱸��,Ȳ�뱸��(����)(����),������ ���ʽ� ���е� ������ 374,2016.11.04
508,����Ư����ġ��,���ʽ�,�Ͻ�,"����,���ȸ",��������,������ ���ʽ� ��絿 ������ؾȱ� 51,2021.10.28.
509,����Ư����ġ��,���ʽ�,�ѽ�,"��,������",���̾߱ⱳ����,"������ ���ʽ� ���� ��������180, 1��",2021.10.28.
510,����Ư����ġ��,���ʽ�,�ѽ�,"�Ұ���, ��������",��������,������ ���ʽ� ���絿 ��������1��28,2021.10.28.
511,����Ư����ġ��,���ʽ�,�߽�,�߱�����,�Ӱ���,������ ���ʽ� ���� �԰Ÿ�1��35-11,2021.10.28.
512,����Ư����ġ��,���ʽ�,�ѽ�,�Ұ���,�ݰ������ѿ�,"������ ���ʽ� ���� �԰Ÿ�2��2, 2��",2021.10.28.
513,����Ư����ġ��,���ʽ�,�ѽ�,"����,������",�ٶ����سึ�����ʺ���,������ ���ʽ� ���е� �ٶ��ɸ����� 37,2021.10.28.
514,����Ư����ġ��,���ʽ�,�ѽ�,���κ�,���κθ���,������ ���ʽ� ������ ���ǻ�� 336,2022.11.11.
515,����Ư����ġ��,���ʽ�,�ѽ�,"��������, ���뱸��",���ʸ�����ȭ,"������ ���ʽ� ������ ������105����36, 103ȣ",2022.11.11.
516,����Ư����ġ��,���ʽ�,�ѽ�,"�Ұ���, ��������",����ȣȭ�α���,������ ���ʽ� ������ ������ 129���� 29-8,2022.11.11.
517,����Ư����ġ��,���ʽ�,�ѽ�,"��������, ����",���尥����ʺ���,"������ ���ʽ� ���絿 ��������1��14, 2��",2022.11.11.
518,����Ư����ġ��,���ʽ�,�ѽ�,�Ұ���,������,"������ ���ʽ� ������ �����������93-1, 1~2��",2022.11.11.
519,����Ư����ġ��,���ʽ�,�ѽ�,�Ұ���,�ѿ��̾߱�,"������ ���ʽ� ���� ��õ�� 283, 1��",2022.11.11.
520,����Ư����ġ��,���ʽ�,�ѽ�,�ø�,��õȸ��,������ ���ʽ� ���� ������ 128,2022.11.11.
521,����Ư����ġ��,���ʽ�,�Ͻ�,��ȸ,�����ӱ�����,"������ ���ʽ� ������ �����ؾȱ�223, 1~4��",2022.11.11.
522,����Ư����ġ��,���ʽ�,�Ͻ�,���,�����״�Ը���,"������ ���ʽ� ������ �����ؾȱ� 7, 1~2��",2022.11.11.
523,����Ư����ġ��,���ʽ�,�ѽ�,"��������, ����",���ְ���,"������ ���ʽ� ���絿 ����� 181, ��2108ȣ",2022.11.11.
524,����Ư����ġ��,���ʽ�,���,������ũ ��,�Ͼ�ص��귱ġī��,"������ ���ʽ� ������ ������129����5, 4ȣ",2022.11.11.
525,����Ư����ġ��,���ʽ�,�ѽ�,"��������, ����",���ݽĴ� ���ʿ�������,������ ���ʽ� ���絿 ��������1�� 35,2022.11.11.
526,����Ư����ġ��,���ʽ�,�ѽ�,�ߵ�����,�ʵ����� ������,"������ ���ʽ� ���絿 ���ش�� 3958, 112ȣ",2022.11.11.
527,����Ư����ġ��,��ô��,�ѽ�,��������,�η��ڰ���,��ô�� ���з� 93(����),2018-10-31
528,����Ư����ġ��,��ô��,�ѽ�,"������, ����",���ϸ�����,��ô�� ��õ�⵵�� 598 (��õ��),2022-10-31
529,����Ư����ġ��,��ô��,�ѽ�,"�ұ���, ��ī��",��ī��,"��ô�� ��õ�⵵�� 601-59, 2��(��õ��)",2021-10-31
530,����Ư����ġ��,��ô��,�ѽ�,ġŲ,60��ġŲ,��ô�� �ϽǱ� 76 (����),2023-10-31
531,����Ư����ġ��,��ô��,�ѽ�,���������,�����ع�,��ô�� ���ַ� 50-1(������),2015-10-26
532,����Ư����ġ��,��ô��,�ѽ�,"������, ��������",�찡�׸���,��ô�� ������ ����� 232-2,2023-10-31
533,����Ư����ġ��,��ô��,�ѽ�,"��������, Ȳ�±���",���װ���,��ô�� �ű�� ȯ���� 550,2020-10-31
534,����Ư����ġ��,��ô��,�ѽ�,"��ȸ, ����ȸ",�ູȽ��,��ô�� �ٴ��� �����غ��� 150,2015-10-26
535,����Ư����ġ��,��ô��,�ѽ�,�����,Ȳ��ȸ��,��ô�� �߾ӷ� 221(���絿),2014-10-24
536,����Ư����ġ��,��ô��,�ѽ�,"�Ұ���, ����",���ñ�Ĵ�,"��ô�� ��õ�⵵�� 601-59, 1��(��õ��)",2023-10-31
537,����Ư����ġ��,��ô��,�ѽ�,"������, ����",�������,"��ô�� ��õ�⵵�� 673-1, 2��(��õ��)",2017-10-31
538,����Ư����ġ��,��ô��,�ѽ�,"���������, ������",���ȽĴ�&����������,"��ô�� ��õ�⵵�� 622, 1��(��õ��)",2020-10-31
539,����Ư����ġ��,��ô��,�ѽ�,����,������,��ô�� ��õ�⵵�� 559-56 (��õ��),2009-06-19
540,����Ư����ġ��,��ô��,�ѽ�,����ȸ,��ô�׾Ƹ���Ƚ��,��ô�û�õ�⵵�� 527-18 (����),2021-10-31
541,����Ư����ġ��,��ô��,�ѽ�,������,��ȣȸ��,��ô�� ����� 33 (���絿),2015-10-26
542,����Ư����ġ��,��ô��,�ѽ�,������,�ѽĴ��ع�,��ô�� ����õ�� 155-22 (�ڿ���),2015-10-26
543,����Ư����ġ��,��ô��,�ѽ�,����,���̳׿ռұݱ���,"��ô�� ����� 71, 2��(����)",2016-10-31
544,����Ư����ġ��,��ô��,�ѽ�,�������ⱸ��,Ž���海,��ô�� ô�ַ� 51-1(���絿),2022-10-31
545,����Ư����ġ��,��ô��,�ѽ�,�������,�����,"��ô�� ô�ַ�7, 2��(���絿)",2018-10-31
546,����Ư����ġ��,��ô��,�ѽ�,���ⱸ��,�屺�ÿ��߳���ô������,��ô�� ���з� 24 (���絿),2015-10-26
547,����Ư����ġ��,��ô��,�ѽ�,Į����,������,��ô�� ��õ�⵵�� 32 (���ϵ�),2019-10-31
548,����Ư����ġ��,��ô��,�ѽ�,��ä����,�����ٸ�,��ô�� û����1�� 10-29(����),2015-10-26
549,����Ư����ġ��,��ô��,�ѽ�,�ι����,����ǳõ���,��ô�� ����ȱ� 96-18(����),2018-10-31
550,����Ư����ġ��,��ô��,�ѽ�,"������, ����",�������⸷����,��ô�� ������2�� 7(������),2017-10-31
551,����Ư����ġ��,��ô��,�ѽ�,����ȸ,�ص���Ƚ�������̰�,��ô�� ��õ�⵵�� 511(����),2017-10-31
552,����Ư����ġ��,��ô��,�ѽ�,"������, �������",���̱��̻���,��ô�� û���� 5(����),2015-10-26
553,����Ư����ġ��,��ô��,�ѽ�,�δ��,�ռպδ��,��ô�� û����3�� 16-46(����),2021-10-31
554,����Ư����ġ��,��ô��,�ѽ�,�߰���,�����߰���,��ô�� û���� 79-9(����),2020-10-31
555,����Ư����ġ��,��ô��,�ѽ�,"�ø�, ������",�������,��ô�� �����1�� 13-3(����),2022-10-31
556,����Ư����ġ��,��ô��,�ѽ�,���߰���,�Թ翡��´�,��ô�� ������ ����� 334,2016-10-31
557,����Ư����ġ��,��ô��,�ѽ�,���,��ȭ����,��ô�� �����2�� 69 (���絿),2015-10-26
558,����Ư����ġ��,��ô��,�ѽ�,�ع���,��ô�ع�,��ô�� ���3�� 4 (���絿),2015-10-26
559,����Ư����ġ��,��ô��,�ѽ�,�Ұ���,��õ�Ұ���,��ô�� �������� 12-1 (���ߵ�),2018-10-31
560,����Ư����ġ��,��ô��,�ѽ�,��������,ū�յ��ǰ���,��ô�� ���з� 76 (����),2019-10-31
561,����Ư����ġ��,��ô��,�ѽ�,"���, ȸ",��ô������Ժ���,"��ô�� �׸�Ÿ��� 39, 2�� (��õ��)",2021-10-31
562,����Ư����ġ��,��ô��,�ѽ�,����,�����ǽ�,��ô�û�õ�⵵�� 113-1 (���ϵ�),2023-10-31
563,����Ư����ġ��,��ô��,�ѽ�,"������, ����",���عٴ�,"��ô�� û���� 27-64, 1��(����)",2019-10-31
564,����Ư����ġ��,��ô��,�ѽ�,Į����,��Į����,��ô�� ���з� 49-27 (������),2023-10-31
565,����Ư����ġ��,��ô��,�߽�,��ȭ�丮,������,��ô�� ���з� 12(���絿),2018-10-31
566,����Ư����ġ��,��ô��,�ѽ�,"�ع���, ������",��ǰ�ع���,��ô�� ���ַ� 30-26(���絿),2019-10-31
567,����Ư����ġ��,��ô��,�ѽ�,"�����, ���",�屺�����Ĵ�,"��ô�� ��õ�⵵�� 582, 1��(��õ��)",2019-10-31
568,����Ư����ġ��,��ô��,�ѽ�,�ѿ챸��,�����ѿ챸����,��ô�� û����3�� 15(����),2016-10-31
569,����Ư����ġ��,��ô��,�ѽ�,����,��,"��ô�� ����� 5, 2�� (���絿)",2019-10-31
570,����Ư����ġ��,��ô��,�ѽ�,�������,������,��ô�� �������� 4 (���ߵ�),2015-10-26
571,����Ư����ġ��,��ô��,�ѽ�,��������,���ذ�,��ô�� ���ַ� 30-27 (���絿),2016-10-31
572,����Ư����ġ��,��ô��,�߽�,��ȭ�丮,��,��ô�� ���з� 38 (������),2022-10-31
573,����Ư����ġ��,��ô��,�ѽ�,��������,���ѳ�����ô��,��ô�� ��õ�⵵�� 567 (��õ��),2018-10-31
574,����Ư����ġ��,��ô��,�ѽ�,"��������, �ع���",�ʷսĴ�,"��ô�� ��õ�⵵�� 119, 201ȣ(���ϵ�,�ؿ���)",2016-10-31
575,����Ư����ġ��,��ô��,�ѽ�,�������,���,��ô�� �����1�� 13-29(����),2020-10-31
576,����Ư����ġ��,��ô��,�ѽ�,�ι�������,�׼��ѱ�����,��ô�� �������� 68 (������),2019-10-31
577,����Ư����ġ��,��ô��,�ѽ�,����,�쿬,��ô�� ����� 25 (���絿),2015-10-26
578,����Ư����ġ��,��ô��,�ѽ�,��������,�ҳ�����,��ô�� �߾ӷ� 178 (���絿),2019-10-31
579,����Ư����ġ��,��ô��,�ѽ�,�ѿ챸��,�������ѿ�,��ô�� �߾ӽ���1�� 18 (���絿),2015-10-26
580,����Ư����ġ��,��ô��,�ѽ�,"�����, ���",�츮�ѿ�����Ĵ�,��ô�� �޳���� 63(����),2015-10-26
581,����Ư����ġ��,��ô��,�ѽ�,"��ġ��, Ȱ��ȸ",�ٴ�Ƚ��,��ô�� ��õ�⵵�� 88(���ϵ�),2022-10-31
582,����Ư����ġ��,��ô��,�ѽ�,����,���������,"��ô�� ��õ�⵵�� 582, 2��(��õ��)",2023-10-31
583,����Ư����ġ��,��ô��,�ѽ�,����ȸ,����ȸ��,��ô�� �ٴ��� �����غ�1�� 93-8,2014-10-24
584,����Ư����ġ��,��ô��,�ѽ�,������,�ش�,"��ô�� �߾ӷ� 246, 3��(���絿)",2022-10-31
585,����Ư����ġ��,��ô��,�ѽ�,�����ν�,��ô��������,��ô�� û���� 51(����),2018-10-31
586,����Ư����ġ��,��ô��,�ѽ�,"���, ȸ",��ԸԹ�,"��ô�� �׸�Ÿ��� 49, 202ȣ(��õ��)",2022-10-31
587,����Ư����ġ��,ȫõ��,�ѽ�,����,����Ĵ�,����Ư����ġ�� ȫõ�� ȫõ�� ��ȭ�� 79,2006-07-01
588,����Ư����ġ��,ȫõ��,�ѽ�,�ѽ�,���������,����Ư����ġ�� ȫõ�� ȫõ�� ȫõ�� 654,2004-08-01
589,����Ư����ġ��,ȫõ��,����(���ұ���),��������,���갥�����,����Ư����ġ�� ȫõ�� ȫõ�� ��������2�� 10,2006-07-01
590,����Ư����ġ��,ȫõ��,����(���ұ���),��Ǫ���ѿ���,��Ǫ���Ӳ���,����Ư����ġ�� ȫõ�� ȫõ�� ����ȭ��4�� 11,2006-07-01
591,����Ư����ġ��,ȫõ��,����(���ұ���),"���,����",��Ǫ��ȫõ�ѿ�������,"����Ư����ġ�� ȫõ�� ȫõ�� ���Ƿ� 1265, 1,2��",2015-07-01
592,����Ư����ġ��,ȫõ��,�Ͻ�,�ٴ�ȸ,������ȸ��,����Ư����ġ�� ȫõ�� ȫõ�� ��ȭ��2�� 14-1,2002-12-20
593,����Ư����ġ��,ȫõ��,�����,"����,����",�� �ε�(�����Ĵ�),"����Ư����ġ�� ȫõ�� ���� ��ġ��� 262, 5�� (�ҳ��縮üŸ����)",2015-07-01
594,����Ư����ġ��,ȫõ��,����,"������ũ,�Ľ�Ÿ",������νþ�,����Ư����ġ�� ȫõ�� ���� ��ġ��� 262 (�ҳ��縮ü Ŭ���Ͽ콺 1��),2015-07-01
595,����Ư����ġ��,ȫõ��,�ѽ�,��������,���ٿ�,����Ư����ġ�� ȫõ�� ȫõ�� ���갭����2�� 5,2016-01-01
596,����Ư����ġ��,ȫõ��,�Ͻ�,�ٴ�ȸ,����Ƚ��,����Ư����ġ�� ȫõ�� ���� ��ġ+G5:G45��� 692,2009-01-01
597,����Ư����ġ��,ȫõ��,����(���ұ���),"����, Ư������",�Ŷ�����������,����Ư����ġ�� ȫõ�� ȫõ�� ������ 60 (2��),2012-07-01
598,����Ư����ġ��,ȫõ��,�ѽ�,"������, ��ä�����",���̰���Ÿ��,����Ư����ġ�� ȫõ�� ���̸� ���Ƿ� 3863,2007-07-01
599,����Ư����ġ��,ȫõ��,�ѽ�,�߰���,���̳״߰���,����Ư����ġ�� ȫõ�� ȫõ�� �߹���1�� 17,2019-11-01
600,����Ư����ġ��,ȫõ��,�ѽ�,�ѿ���,��ɰ���,����Ư����ġ�� ȫõ�� ���� �Ѽ��� 2045,2016-01-01
601,����Ư����ġ��,ȫõ��,�ѽ�,��������,�ڴ밨,����Ư����ġ�� ȫõ�� ȫõ�� ���а����� 15,2013-01-01
602,����Ư����ġ��,ȫõ��,�ѽ�,�޲ٹ�,��� �޲ٹ�,"����Ư����ġ�� ȫõ�� ȫõ�� ������3�� 16, 1��",2017-01-02
603,����Ư����ġ��,ȫõ��,�ѽ�,"����, ����",�������,����Ư����ġ�� ȫõ�� ȫõ�� ���갭����5�� 4,2018-01-01
604,����Ư����ġ��,ȫõ��,�ѽ�,�ҸӸ�����,����Ĵ�,����Ư����ġ�� ȫõ�� ȫõ�� �����16�� 6,2002-12-20
605,����Ư����ġ��,ȫõ��,����(���ұ���),����,�������Ĵ�ȫõ��,"����Ư����ġ�� ȫõ�� ȫõ�� ������ 10, 2��",2018-07-01
606,����Ư����ġ��,ȫõ��,�ѽ�,������,���Ͱ�������,����Ư����ġ�� ȫõ�� ȫõ�� �˱��� 18,2008-07-01
607,����Ư����ġ��,ȫõ��,�ѽ�,������,����������,����Ư����ġ�� ȫõ�� ȫõ�� ���� 96 ,2002-12-20
608,����Ư����ġ��,ȫõ��,�ѽ�,��������,�ų����Ĵ�,����Ư����ġ�� ȫõ�� ȭ�̸� ����ɷ� 10,2018-07-01
609,����Ư����ġ��,ȫõ��,�ѽ�,"�ø�, �����",�ƹ���,����Ư����ġ�� ȫõ�� ȫõ�� ����ȭ��2�� 21-8,2007-07-01
610,����Ư����ġ��,ȫõ��,����(���ұ���),�����,������ȭ�α���,"����Ư����ġ�� ȫõ�� ȫõ�� �������� 17-4, 1,2��",2002-12-20
611,����Ư����ġ��,ȫõ��,�ѽ�,������,���ʳ����ص�����,����Ư����ġ�� ȫõ�� ȫõ�� �͵���34���� 16,2014-01-01
612,����Ư����ġ��,ȫõ��,�ѽ�,"���,����",�ֽ�ȸ��ȫõ�ѿ��,����Ư����ġ�� ȫõ�� ȫõ�� �������� 12,2015-07-01
613,����Ư����ġ��,ȫõ��,�ѽ�,û����,���̳��볪����,����Ư����ġ�� ȫõ�� ���̸� ���Ƿ� 3643,2004-08-01
614,����Ư����ġ��,ȫõ��,�ѽ�,��������,ä���,����Ư����ġ�� ȫõ�� ȫõ�� ȫõ�� 510,2002-12-20
615,����Ư����ġ��,ȫõ��,�����,�����,ũ����Ż�����ǿ���,"����Ư����ġ�� ȫõ�� ȫõ�� �ҿ����� 28, 2.3.4��",2009-01-01
616,����Ư����ġ��,ȫõ��,�ѽ�,������,ū���͸�����,����Ư����ġ�� ȫõ�� ȫõ�� �ҿ����� 104,2017-01-02
617,����Ư����ġ��,ȫõ��,�ѽ�,"�߾���,���뱹, ������",Ź�����߾���,����Ư����ġ�� ȫõ�� ȫõ�� ���ۻ�� 136,2018-01-01
618,����Ư����ġ��,ȫõ��,�ѽ�,"�˹�, �������",�°���(��)ȫõ���ްԼ�-�ѽ�/�츮����κ�,����Ư����ġ�� ȫõ�� �Ϲ�� ������ 223,2005-07-01
619,����Ư����ġ��,ȫõ��,�߱���,��ȭ�丮,�¾����,"����Ư����ġ�� ȫõ�� ȫõ�� ������ 20, 1��",2008-07-01
620,����Ư����ġ��,ȫõ��,����(���ұ���),��������,���������ұ���ȫõ����,����Ư����ġ�� ȫõ�� ȫõ�� ������6�� 18,2015-07-01
621,����Ư����ġ��,ȫõ��,�ѽ�,�����,�ķ�������,����Ư����ġ�� ȫõ�� ȫõ�� ���Ƿ� 1780,2002-12-20
622,����Ư����ġ��,ȫõ��,�ѽ�,Ȳ�����屹,���Ľ��ްԽĴ�,����Ư����ġ�� ȫõ�� ���̸� ���Ƿ� 3594,2002-12-20
623,����Ư����ġ��,ȫõ��,����(���ұ���),�ѿ� ���ұ���,��â�ѿ츶��ȫõ����Ĵ�,����Ư����ġ�� ȫõ�� ���� ��ġ��� 692,2019-11-01
624,����Ư����ġ��,ȫõ��,�ѽ�,��������,Ǫ�ֿ�,����Ư����ġ�� ȫõ�� ȫõ�� ������ 3,2006-07-01
625,����Ư����ġ��,ȫõ��,����(���ұ���),���,�Ѽְ���,����Ư����ġ�� ȫõ�� ���� �Ѽ��� 2183,2012-07-01
626,����Ư����ġ��,ȫõ��,����(���ұ���),�����,ȫõ����,����Ư����ġ�� ȫõ�� �Ϲ�� ȫõ�� 205-3,2010-07-01
627,����Ư����ġ��,ȫõ��,�ѽ�,�ѽ�(������),ȫõ������,����Ư����ġ�� ȫõ�� ȫõ�� �����14�� 15,2010-01-06
628,����Ư����ġ��,ȫõ��,�ѽ�,"�ѽ�,���,�쵿,���",ȫõ���/ȭ��-�������,����Ư����ġ�� ȫõ�� ȭ�̸� ��������ӵ��� 83,2018-01-01
629,����Ư����ġ��,ȫõ��,����(���ұ���),��䱸��,ȫõ����ȭ�α���(��ߵ���),����Ư����ġ�� ȫõ�� ���� �Ѽ��� 2165,2013-07-01
630,����Ư����ġ��,ȫõ��,����(���ſ�),������,ȫõū�������ܳø鼳����������,����Ư����ġ�� ȫõ�� ȫõ�� ȫõ��3�� 5-15,2002-12-20
631,����Ư����ġ��,ȫõ��,����(���ұ���),�ѿ�,ȫõ�ѿ������Ĵ�,����Ư����ġ�� ȫõ�� �Ϲ�� ȫõ�� 13-5,2016-07-01
632,����Ư����ġ��,ȫõ��,�ѽ�,���屹,ȫõ���屹,"����Ư����ġ�� ȫõ�� ȫõ�� ����Ÿ��� 18, A�� 102,103ȣ (�߾ӿ���)",2012-07-01
633,����Ư����ġ��,ȫõ��,�ѽ�,�ѽ�,ȭ�簭�ްԼ�(�������̽�),����Ư����ġ�� ȫõ�� ���̸� ���Ƿ� 3330,2003-09-01
634,����Ư����ġ��,ȫõ��,�ѽ�,"�ѽ�,���,�쵿,���",ȭ��/ȫõ���-������,����Ư����ġ�� ȫõ�� ȭ�̸� ��������ӵ��� 84,2018-01-01
635,����Ư����ġ��,ȫõ��,�Ͻ�,Ȱ��ȸ,Ƚ�� ������,����Ư����ġ�� ȫõ�� ȫõ�� ��������� 4,2007-07-01
636,����Ư����ġ��,Ⱦ����,��Ÿ,����,��������,������ Ⱦ���� Ⱦ���� ���Ϸ� 57,2021-12-22
637,����Ư����ġ��,Ⱦ����,�ѽ�,����� ��������,�ݰ��꽡�ұ���,������ Ⱦ���� Ⱦ���� ��ȭü���� 54,2016-11-01
638,����Ư����ġ��,Ⱦ����,��Ÿ,���,����,������ Ⱦ���� Ⱦ���� Ⱦ���� 51,2021-12-22
639,����Ư����ġ��,Ⱦ����,��Ÿ,"������, ���ڿ˽���",�ٷ�������,������ Ⱦ���� ��õ�� �ѿ�ο���7�� 9,2008-07-24
640,����Ư����ġ��,Ⱦ����,�ѽ�,����� ��������,�����������ѿ켿����,������ Ⱦ���� ���ٸ� �氭�� 1026,2016-11-01
641,����Ư����ġ��,Ⱦ����,�ѽ�,�Ұ���,�г����ѿ�,"������ Ⱦ���� �г��� ������ 117, 1��",2021-12-22
642,����Ư����ġ��,Ⱦ����,�ѽ�,"�߰���, �߰���",�ε鷹�߰���,������ Ⱦ���� �г��� �й��3���� 5,2009-07-29
643,����Ư����ġ��,Ⱦ����,�ѽ�,������,�����ڳ״�����,������ Ⱦ���� Ⱦ���� Ⱦ���� 59,2021-12-22
644,����Ư����ġ��,Ⱦ����,�ѽ�,"������, Į����",����������,������ Ⱦ���� Ⱦ���� �Լ��� 34,2008-07-24
645,����Ư����ġ��,Ⱦ����,��Ÿ,������,����������,������ Ⱦ���� Ⱦ���� ��ȭü���� 64,2021-12-22
646,����Ư����ġ��,Ⱦ����,�ѽ�,"�ɵ��, ��������, ����ù�",�ɿ���,������ Ⱦ���� �г��� �й��14���� 9,2009-07-29
647,����Ư����ġ��,Ⱦ����,�ѽ�,"�̲ٶ�����, Ƣ��",�ֵ��̳׹̲ٶ�����,������ Ⱦ���� ���ٸ� ���ٳ��� 37,2008-07-24
648,����Ư����ġ��,Ⱦ����,�ѽ�,"�ع�Į����, �ع��ߺ�����",�쵵������Į����,������ Ⱦ���� Ⱦ���� �±��19���� 17,2010-07-28
649,����Ư����ġ��,Ⱦ����,�ѽ�,�Ұ���,��ʹ�,������ Ⱦ���� Ⱦ���� ȭ���� 81-16,2021-12-22
650,����Ư����ġ��,Ⱦ����,�ѽ�,"����������, �볪����",�����̰�,������ Ⱦ���� û�ϸ� ū���ñ� 41,2015-11-02
651,����Ư����ġ��,Ⱦ����,�ѽ�,"�����, �Ұ���",����Ⱦ���ѿ�������,������ Ⱦ���� ��õ�� �ѿ�� 1401,2008-07-24
652,����Ư����ġ��,Ⱦ����,�ѽ�,�߰���,��õ�߰��񸷱���,������ Ⱦ���� Ⱦ���� ��ȭü���� 52,2021-12-22
653,����Ư����ġ��,Ⱦ����,�ѽ�,"�ѿ���, �����, ��ȸ",�Թ�Ĵ�,������ Ⱦ���� Ⱦ���� ������ 88,2008-05-29
654,����Ư����ġ��,Ⱦ����,��Ÿ,�߾���,�����߾���,������ Ⱦ���� Ⱦ���� ��ȭü���� 71,2021-12-22
655,����Ư����ġ��,Ⱦ����,�ѽ�,�Ұ���,ȭ���� �������,"������ Ⱦ���� �г��� �氭�� 4699, 1��",2021-12-22
656,����Ư����ġ��,Ⱦ����,�ѽ�,"�ѿ챹��, ��ä�����",Ⱦ��(��õ)�ްԼ� �ѽ�,������ Ⱦ���� ����� �������ӵ��� 153,2010-07-28
657,����Ư����ġ��,Ⱦ����,�ѽ�,"Ⱦ���ѿ챹��, ����������ũ",Ⱦ���ݻ� ��ȭ�� ������,������ Ⱦ���� ����� �������ӵ��� 154,2010-07-28
658,����Ư����ġ��,Ⱦ����,Ƚ��,"�۾�ȸ, ��������",Ⱦ���۾�Ƚ��,������ Ⱦ���� Ⱦ���� ������388���� 75,2008-07-24
659,����Ư����ġ��,Ⱦ����,��Ÿ,"����, ����",Ⱦ������,������ Ⱦ���� Ⱦ���� ������55���� 24,2008-07-24
660,����Ư����ġ��,Ⱦ����,�ѽ�,"�ѿ���, ��ȸ, ��ġ��",Ⱦ�������ѿ�������,������ Ⱦ���� ��õ�� ����3�� 6,2008-07-24
661,����Ư����ġ��,Ⱦ����,�ѽ�,"�ѿ챸��, ������",Ⱦ�������ѿ������� ����,������ Ⱦ���� Ⱦ���� Ⱦ���� 337,2016-11-01
662,����Ư����ġ��,Ⱦ����,�ѽ�,"�ѿ챹��, �ᳪ�����屹",Ⱦ���ѿ챹��,������ Ⱦ���� Ⱦ���� ��ȭü���� 46,2016-11-01
663,����Ư����ġ��,Ⱦ����,�ѽ�,"�ɵ��, ��ȸ�����",Ⱦ���ѿ츶��,������ Ⱦ���� ��õ�� ������ 348,2011-11-09
664,����Ư����ġ��,Ⱦ����,�ѽ�,"�ѿ���, ��â��, �����",Ⱦ���ѿ��Ǿ�,������ Ⱦ���� �г��� ������ 141,2010-07-28
665,����Ư����ġ��,Ⱦ����,�ѽ�,�Ұ���,�Ҽҹ�,������ Ⱦ���� ������ ����9�� 119,2022-12-13
666,����Ư����ġ��,Ⱦ����,�ѽ�,���뱹,������������,������ Ⱦ���� ��õ�� ���׻����� 20-16,2022-12-13
667,����Ư����ġ��,Ⱦ����,�ѽ�,�Ұ���,�����,������ Ⱦ���� �г��� �г���47���� 40-19,2022-12-13
668,����Ư����ġ��,������,�ѽ�,"�Ұ���, ����",�̶�,����Ư����ġ�� ������ ������ ��ǳ��� 29,2014-04-01
669,����Ư����ġ��,������,�ѽ�,�ٽ������屹,�����ٽ���,����Ư����ġ�� ������ ������ ������ 2105,2011-03-11
670,����Ư����ġ��,������,�ѽ�,�ѿ�ɻ�,����Ĵ�,����Ư����ġ�� ������ ������ �߾�1�� 26,2013-04-01
671,����Ư����ġ��,������,�ѽ�,�Ｑ«��,����,����Ư����ġ�� ������ ������ ������16���� 40,2013-04-01
672,����Ư����ġ��,������,�ѽ�,���,�����������,����Ư����ġ�� ������ ������ û������ 103,2018-07-27
673,����Ư����ġ��,������,�ѽ�,�ѿ���,�켺��������,����Ư����ġ�� ������ ������ �߾�1�� 14,2013-04-01
674,����Ư����ġ��,������,�ѽ�,�ѿ���,���������ѿ�Ÿ��,"����Ư����ġ�� ������ ������ �ϼ۾ȱ� 65, 2��",2011-03-11
675,����Ư����ġ��,������,�ѽ�,���ұ���,�������Ұ���,����Ư����ġ�� ������ ������ ����ȱ� 4,2013-04-01
676,����Ư����ġ��,������,�ѽ�,�ι��ſ���,������ƽ���,����Ư����ġ�� ������ ������ �߾ӷ� 803,2011-03-11
677,����Ư����ġ��,������,�ѽ�,�ߺ�����,����������,����Ư����ġ�� ������ ������ ������ 225,2011-03-11
678,����Ư����ġ��,������,�ѽ�,��巹���ܹ�,���ٰ���,����Ư����ġ�� ������ ������ û������ 48,2003-06-17
679,����Ư����ġ��,������,�ѽ�,��巹 ����,��������,����Ư����ġ�� ������ ������ ���೪��5�� 25,2016-07-11
680,����Ư����ġ��,������,�ѽ�,���ұ���,��õ���ұ��̸�����,����Ư����ġ�� ������ ������ �ϼ۷� 138,2013-04-01
681,����Ư����ġ��,������,�ѽ�,"�ѽ�, �ߺ�����",�Ҵ��,����Ư����ġ�� ������ ������ �߾�1�� 4,2016-07-11
682,����Ư����ġ��,������,�ѽ�,"���, ���",�Ͼ��� ǳõ���,����Ư����ġ�� ������ ������ ������ 83-9,2015-06-29
683,����Ư����ġ��,������,�ѽ�,���뱹��,ū���Ҹż��뱹 ����������,����Ư����ġ�� ������ ���� ����â���� 1423,2011-03-11
684,����Ư����ġ��,������,�ѽ�,�ѽ�,������ �����ý�Ÿ ������Ʈ,����Ư����ġ�� ������ ������ �������� 160,2012-03-23
685,����Ư����ġ��,������,�ѽ�,�濰�ҽ��ұ���,�尡�� �濰�� ���ұ���,����Ư����ġ�� ������ ������ �丮���� 12,2014-04-01
686,����Ư����ġ��,������,�ѽ�,"������, ��巹��",�������� �ڰ���,����Ư����ġ�� ������ ������ �߾ӷ� 149,2019-09-16
687,����Ư����ġ��,������,�ѽ�,"������, ����������",�����ģ��,����Ư����ġ�� ������ �ϸ� ������ 132-54,2016-07-11
688,����Ư����ġ��,������,�ѽ�,�߱�����,���̾�,"����Ư����ġ�� ������ ������ �ϼ۷� 105, 2��",2017-07-25
689,����Ư����ġ��,������,�ѽ�,�۾�ȸ,����۾�Ƚ��,����Ư����ġ�� ������ ������ ������ 161-14,2021-05-13
690,����Ư����ġ��,������,�ѽ�,"������, ����",������ǰ����,"����Ư����ġ�� ������ ������ ����ȱ� 16-1, 105ȣ",2019-09-16
691,����Ư����ġ��,������,�߽�,"����, ��������",��õȲ����¿�����,����Ư����ġ�� ������ ������ �ϼ۷� 35,2020-11-16
692,����Ư����ġ��,������,�߽�,���� ��������,������,"����Ư����ġ�� ������ ������ ������� 95-1, 1��",2020-11-16
693,����Ư����ġ��,������,�߽�,���«��,��«��,����Ư����ġ�� ������ ������ �ϼ۷� 93,2022-11-25
694,����Ư����ġ��,������,�߽�,�ʹ�,�ٸ��ٽ���,"����Ư����ġ�� ������ ������ �߾ӷ� 125, 2��",2022-11-25
695,����Ư����ġ��,������,�ѽ�,"�߰���, ��������",�������,"����Ư����ġ�� ������ ������ �߾ӷ� 93-1, 1��",2023-11-16
696,����Ư����ġ��,������,�ѽ�,�ѿ���,���ø�,����Ư����ġ�� ������ ������ �߾�1�� 22-7,2023-11-16
697,����Ư����ġ��,��â��,�ѽ�,"���, ����",Ȳ�Ұ���, ����Ư����ġ�� ��â�� ��â�� ��â�߾ӷ� 83-28,1999-05-03
698,����Ư����ġ��,��â��,�ѽ�,������,���⸷����, ����Ư����ġ�� ��â�� ����� ��ȿ���� 142,2006-06-30
699,����Ư����ġ��,��â��,�ѽ�,������,����޹й̰���, ����Ư����ġ�� ��â�� ����� ��ǳ�� 108,2004-06-28
700,����Ư����ġ��,��â��,Ƚ��,����ȸ,���ϰ��ٴ�ȸ, ����Ư����ġ�� ��â�� ��â�� ���з� 31,2008-06-27
701,����Ư����ġ��,��â��,�ѽ�,������ѿ�,������ѿ�Ÿ��, ����Ư����ġ�� ��â�� ����ɸ� �ø��ȷ� 38,2009-06-30
702,����Ư����ġ��,��â��,�ѽ�,"������,����",�챸�Ǹ�����, ����Ư����ġ�� ��â�� ��â�� ����� 37,2000-07-03
703,����Ư����ġ��,��â��,�ѽ�,"������, �Ұ�������, ��������",�����ļ���, ����Ư����ġ�� ��â�� ��â�� ��â�߾ӷ� 4,2012-11-01
704,����Ư����ġ��,��â��,Ƚ��,"�۾�ȸ, �۾�Ƣ��, �۾�����",�۾�����, ����Ư����ġ�� ��â�� ��â�� �Ʒ��󸮱� 19-4,1992-07-01
705,����Ư����ġ��,��â��,�ѽ�,"�Ұ���(���,�Ұ���), ��������(����, ����)",�ʿ�����, ����Ư����ġ�� ��â�� ��â�� ����� 124,2017-12-01
706,����Ư����ġ��,��â��,�߽�,��ȭ�丮,��ȭ��, ����Ư����ġ�� ��â�� ��â�� ��ȭ�� 6,2016-12-01
707,����Ư����ġ��,��â��,�ѽ�,"���, ��������(����)",�ѹ�85����, ����Ư����ġ�� ��â�� ��â�� �뼺�� 225-19,2019-10-28
708,����Ư����ġ��,��â��,�ѽ�,"���, �ߺ�����",û���̶�, ����Ư����ġ�� ��â�� ��â�� �챸�Ǳ� 53-50,2020-11-06
709,����Ư����ġ��,��â��,Ƚ��,"�۾�ȸ, �۾��, �۾�Ƣ��",��������Ƚ��, ����Ư����ġ�� ��â�� ��ź�� �ҹ�� 30-4,2009-06-30
710,����Ư����ġ��,��â��,�ѽ�,"�޹б���, ����, �޹и���",�渲�޹и�����, ����Ư����ġ�� ��â�� �渲�� ������ 1323,2017-12-01
711,����Ư����ġ��,��â��,�ѽ�,"������, �޹к�ħ, ����",��㸷����, ����Ư����ġ�� ��â�� ��ȭ�� ��ȭ5�� 4,2009-06-30
712,����Ư����ġ��,��â��,�ѽ�,"������, �����̱���, �ѹ����",��â���, ����Ư����ġ�� ��â�� ��ȭ�� ��ȭ3�� 11,2013-11-01
713,����Ư����ġ��,��â��,�ѽ�,"�Ұ���(���, �Ұ���), ��������(����, ����)",��â�ټع�Ĵ�, ����Ư����ġ�� ��â�� ��ȭ�� ��ȭ1�� 10-10,2019-10-28
714,����Ư����ġ��,��â��,�ѽ�,"Ȳ��(����,��), ��ä�����, ����Ұ���",��ä��Ȳ�¶�, ����Ư����ġ�� ��â�� ����� �±�� 320,2010-04-30
715,����Ư����ġ��,��â��,�ѽ�,Ȳ�´�����ä����,����������, ����Ư����ġ�� ��â�� ����� �±�� 1,2017-12-01
716,����Ư����ġ��,��â��,�ѽ�,�ѿ챸��,��â�ѿ츶�� �����, ����Ư����ġ�� ��â�� ����� ������ 57,2016-12-01
717,����Ư����ġ��,��â��,�ѽ�,"�޹б���, �޹й�, ���ڸ���",����޹в����, ����Ư����ġ�� ��â�� ����� ��ȿ���� 33-5,2008-06-27
718,����Ư����ġ��,��â��,�ѽ�,"�޹б���, �޹нϺ����, ����",���̳׸�����, ����Ư����ġ�� ��â�� ����� ��ȿ���� 144,2013-11-01
719,����Ư����ġ��,��â��,�ѽ�,"�޹б���, �޹и��, �޹и���",����޹� ������޹б���, ����Ư����ġ�� ��â�� ����� ��ȿ���� 134,2011-11-01
720,����Ư����ġ��,��â��,�ѽ�,"�޹б���, �޹к�ħ, �ѹ�����",Ǯ����, ����Ư����ġ�� ��â�� ����� �޹вɱ� 13,2008-06-27
721,����Ư����ġ��,��â��,�ѽ�,"��������,������",���, ����Ư����ġ�� ��â�� ����� ��ǳ�� 192,2004-06-28
722,����Ư����ġ��,��â��,�ѽ�,"�޹б���, �޹к�ħ, ����",����, ����Ư����ġ�� ��â�� ����� �޹вɱ� 7,2021-11-10
723,����Ư����ġ��,��â��,Ƚ��,"�۾�ȸ, �۾�Ƣ��, �۾�ſ���",���Ȱ�۾�ȸ, ����Ư����ġ�� ��â�� ����� ��ηɷ� 330,2017-12-01
724,����Ư����ġ��,��â��,�ѽ�,"�Ұ���(���, �Ұ���), ��������(����, ����), ��������",��â��, ����Ư����ġ�� ��â�� ����� ���̵�� 14-7,2005-07-01
725,����Ư����ġ��,��â��,�ѽ�,"�Ұ���(���, �Ұ���), ��������(����, ����)",����ȸ��, ����Ư����ġ�� ��â�� ����� �ݼ�1�� 14,2019-10-28
726,����Ư����ġ��,��â��,�ѽ�,"������, �Ұ�������, �����",�ѱ���������ü��1��, ����Ư����ġ�� ��â�� ����� �ݴ���� 2010-13,2015-11-30
727,����Ư����ġ��,��â��,�ѽ�,"�Ұ���(���, �Ұ���), ��������(����, �����), ��������",û��ȸ��, ����Ư����ġ�� ��â�� ���θ� �����߾ӷ� 86-1,2008-06-27
728,����Ư����ġ��,��â��,�ѽ�,��ä����,�θ��Ĵ�, ����Ư����ġ�� ��â�� ���θ� �����߾ӷ� 70-3,1992-07-01
729,����Ư����ġ��,��â��,�ѽ�,"�Ұ���(���, �Ұ���), ��������(����, ����), ��������",�찡(��ʫ), ����Ư����ġ�� ��â�� ���θ� ���λ��ϱ� 21,2016-12-01
730,����Ư����ġ��,��â��,�ѽ�,"��ä����, Ȳ�±���, ��������",��������Ĵ�, ����Ư����ġ�� ��â�� ���θ� �������� 36-29,2012-10-01
731,����Ư����ġ��,��â��,�ѽ�,"��ä����,Ȳ�±�������",����ä�Ĵ�, ����Ư����ġ�� ��â�� ���θ� ������ 95,2007-06-26
732,����Ư����ġ��,��â��,�ѽ�,"Ȳ�±�������, ��ä����",������κ��Ĵ�, ����Ư����ġ�� ��â�� ���θ� ������ 90 ,2016-12-01
733,����Ư����ġ��,��â��,�ѽ�,"������ä����,Ȳ�»�ä����",����꼭��, ����Ư����ġ�� ��â�� ���θ� ������ 83,2005-07-01
734,����Ư����ġ��,��â��,�ѽ�,"���ٹ� ��ä����, ��������, Ȳ�±���",�����Ĵ�," ����Ư����ġ�� ��â�� ���θ� ������ 152, 5�� 1��2�� 2ȣ",2017-12-01
735,����Ư����ġ��,��â��,�ѽ�,"Ȳ�±�������, ��ä����",�����," ����Ư����ġ�� ��â�� ���θ� ������ 152, 5�� 1��2�� 1ȣ",2006-06-29
736,����Ư����ġ��,��â��,�ѽ�,"��ä����,��ä�����",�������̽Ĵ�," ����Ư����ġ�� ��â�� ���θ� ������ 152, 4�� 1��2�� 1ȣ",2005-07-01
737,����Ư����ġ��,��â��,�ѽ�,"��ä����,��ä�����",����갡���ܽĴ�," ����Ư����ġ�� ��â�� ���θ� ������ 152, 11�� 1��2��",2005-07-01
738,����Ư����ġ��,��â��,�ѽ�,"Ȳ�±�������, ��ä����, ������",�������, ����Ư����ġ�� ��â�� ���θ� �����3�� 13,2008-06-27
739,����Ư����ġ��,��â��,�ѽ�,"�ѿ챸��, �ѿ��ֹ���, ���繬��",����ɽ���ȸ��, ����Ư����ġ�� ��â�� ����ɸ� Ⱦ��2�� 3,2001-07-11
740,����Ư����ġ��,��â��,�ѽ�,"�ѿ챸��, �ѿ�Ұ���, ������",������ѿ�, ����Ư����ġ�� ��â�� ����ɸ� �ø��ȷ� 155,2014-11-01
741,����Ư����ġ��,��â��,�ѽ�,"Ȳ�±�������, ����Ұ���, ��巹���ܹ�",�����, ����Ư����ġ�� ��â�� ����ɸ� �ø��ȷ� 153,2010-04-30
742,����Ư����ġ��,��â��,�ѽ�,"�Ұ���(���), ��������(������), ��巹���ܹ�, ����Ұ���",ū�츮����, ����Ư����ġ�� ��â�� ����ɸ� ����ɷ� 192,2017-12-01
743,����Ư����ġ��,��â��,�ѽ�,"�Ұ���(���, ������), ��ä���ܹ�",(��)�����̾߱�, ����Ư����ġ�� ��â�� ����ɸ� �������� 9,2000-07-03
744,����Ư����ġ��,��â��,�ѽ�,"Ȳ��(��, ����, ����), ����Ұ���",Ȳ�´���, ����Ư����ġ�� ��â�� ����ɸ� �������� 21,1998-01-12
745,����Ư����ġ��,��â��,�ѽ�,"�ѿ챸��, �ѿ���ȸ, �ѿ�����",��â�ѿ츶�� ����ɽĴ�, ����Ư����ġ�� ��â�� ����ɸ� �氭�� 5195-25,2016-12-01
746,����Ư����ġ��,��â��,�ѽ�,"Ȳ�±�������, ������������, ��¡��Ұ���",Ȳ���볪�����Ĵ�, ����Ư����ġ�� ��â�� ����ɸ� �氭�� 5098,2008-06-27
747,����Ư����ġ��,��â��,�ѽ�,��¡�Ұ���,���۽Ĵ�," ����Ư����ġ�� ��â�� ����ɸ� �ø��ȷ� 35, 1��",2019-10-28
748,����Ư����ġ��,��â��,�ѽ�,�߾���,������߾���, ����Ư����ġ�� ��â�� ����ɸ� ����ɷ� 202-12,2019-10-28
749,����Ư����ġ��,��â��,�ѽ�,��������,�߶��Ĵ�, ����Ư����ġ�� ��â�� ��â�� ����� 103,2022-11-15
750,����Ư����ġ��,��â��,�ѽ�,"����Ұ���, �����Ĺ��",����Ĵ�, ����Ư����ġ�� ��â�� ����� �޹вɱ� 10-17,2022-11-15
751,����Ư����ġ��,��â��,�ѽ�,"��������, ��������",���ֽĴ�, ����Ư����ġ�� ��â�� ����� �±�� 344,2022-11-15
752,����Ư����ġ��,��â��,�ѽ�,�ѿ챸��,�ϼ���, ����Ư����ġ�� ��â�� ����� �±�� 393,2022-11-15
753,����Ư����ġ��,��â��,�ѽ�,Ȳ�±�������,(��)Ȳ��ȸ��, ����Ư����ġ�� ��â�� ����ɸ� �������� 19,2022-11-15
754,����Ư����ġ��,��â��,�ѽ�,"��ä����, ������",�ú��԰Ÿ�," ����Ư����ġ�� ��â�� ����� ���̱� 3, ��1��",2023-11-13
755,����Ư����ġ��,������,�ѽ�," ����, ��������",��������,������ ����� ����߾ӷ� 18-1,2004.5.20.
756,����Ư����ġ��,������,�ѽ�,�۾�ȸ,û��Ƚ��,������ �ŵ��� �Թ�� 106,2004.5.20.
757,����Ư����ġ��,������,�ѽ�,"����, ����",������,������ ������ ���� 91,2004.5.20.
758,����Ư����ġ��,������,�ѽ�,��巹��,���ڰ�Ĵ�,������ ������ ������ 1314,2004.5.20.
759,����Ư����ġ��,������,�ѽ�,"���, ���� ",�����Ĵ�,������ ������ ����6�� 18,2005.11.1.
760,����Ư����ġ��,������,�ѽ�,"�۾�, �����",�ҸӴ�Ƚ��,������ ȭ�ϸ� �ұݰ��� 80-23,2005.11.1.
761,����Ư����ġ��,������,�ѽ�,"���, ����",�������ѿ츶��,"������ ������ ����6�� 15-7, 2��",2007.7.2.
762,����Ư����ġ��,������,�ѽ�,"����, ���ġ��",�����Ĵ�,������ ������ ���1�� 27,2007.7.2.
763,����Ư����ġ��,������,�ѽ�,"���, ����",���뽡�Ұ���,������ ������ ����5�� 40-5,2008.1.30.
764,����Ư����ġ��,������,�ѽ�,��������,�۰��׿���,������ ������ ���� 95,2010.8.23.
765,����Ư����ġ��,������,�ѽ�,������,�뽣����,������ ������ �Թ��� 1675,2011.11.1.
766,����Ư����ġ��,������,�ѽ�,"��������, �ø�",���ϰ�,������ ������ ����7�� 17,2011.11.1.
767,����Ư����ġ��,������,�ѽ�,"������, ���α�",������,������ ������ ������ 1332,2011.11.1.
768,����Ư����ġ��,������,���,������,�����йи�&���ť,������ ������ ��۷� 93,2011.4.20.
769,����Ư����ġ��,������,�ѽ�,����,�ȵ����ұ���,������ ����� ����7�� 37,2012.11.1.
770,����Ư����ġ��,������,�ѽ�,"���, ����",�ѿ���������,������ ����� ����߾ӷ� 31,2012.11.1.
771,����Ư����ġ��,������,�ѽ�,������,������ �����̾߱�,������ ������ ����3�� 79,2012.11.1.
772,����Ư����ġ��,������,�ѽ�,��巹��,�麹������Ͽ콺�Ĵ�,������ �Ӱ�� ���ɸ����� 895,2012.11.1.
773,����Ư����ġ��,������,�ѽ�,"����, ���ġ��",��ġ�Ĵ�,������ ������ ���1�� 30,2012.11.1.
774,����Ư����ġ��,������,�ѽ�,��巹��,�θ��� �Ĵ�,������ ������ ������ 1312,2012.11.1.
775,����Ư����ġ��,������,�ѽ�,"�ѿ�, ��巹��",�εջ��ѿ���,������ ���� ���ڰ�ġ�� 6,2013.11.6.
776,����Ư����ġ��,������,�߽�,"¥���, ������",�����强,"������ ����� ����߾ӷ� 11, 2��",2013.11.6.
777,����Ư����ġ��,������,�ѽ�,���ġ��,ȸ����2��,"������ ������ ����� 58, 1��",2013.11.6.
778,����Ư����ġ��,������,�ѽ�,���뱹��,Ȳ��溴õ����,������ ������ �ֻ�� 53,2013.11.6.
779,����Ư����ġ��,������,�ѽ�,��巹��,�����������,"������ ������ û���� 8, 1��",2013.11.6.
780,����Ư����ġ��,������,�ѽ�,�۾�ȸ,�����۾�Ƚ��,������ ������ �������� 6486,2014.11.4.
781,����Ư����ġ��,������,�ѽ�,�κ�����,�����κ�ʫ,������ ������ ����3�� 22-4,2014.11.4.
782,����Ư����ġ��,������,�ѽ�,�δ��,������ �����δ��(������),������ ������ ����5�� 40-1,2015.11.10.
783,����Ư����ġ��,������,�߽�,��ȭ�丮,��ȭ����,"������ ������ ����6�� 38(1,2��)",2015.11.10.
784,����Ư����ġ��,������,�ѽ�,"������, ������",���̳װ�����,������ ����� ����߾ӷ� 35,2016.11.2.
785,����Ư����ġ��,������,�ѽ�,"�ѿ콡�ұ���, ��巹������",���ä,"������ ������ ����� 56, 1��",2016.11.2.
786,����Ư����ġ��,������,�ѽ�,"���, ����",�ϴ����Ǻ�,������ ����� ����߾ӷ� 51-8,2017.11.1.
787,����Ư����ġ��,������,�ѽ�,��巹��,�긶��,"������ ������ ������ 1368, 2��",2017.11.1.
788,����Ư����ġ��,������,�ѽ�,"������, ��巹����",�޹��̸�����,������ ������ ���ѷ� 79-1,2018.11.1.
789,����Ư����ġ��,������,�ѽ�,�ѿ챸��,���������ѿ�Ÿ��,"������ ������ ��۷� 8, 2��",2018.11.1.
790,����Ư����ġ��,������,�ѽ�,"���ⱹ��, �߹��",����ǳ��,������ ������ ����2�� 17-2,2018.11.1.
791,����Ư����ġ��,������,�ѽ�,"����ⱸ��, ����",�ѿ츮,������ ����� ����õ�� 705,2019.11.1.
792,����Ư����ġ��,������,�ѽ�,"��巹��, ��������",��������,������ �ŵ��� �Ǹ��� 201,2019.11.1.
793,����Ư����ġ��,������,�ѽ�,"Ȳ�±���,�ߺ�����",���ֳ׸��־�,������ ����� ����õ�� 631,2021.11.1.
794,����Ư����ġ��,������,�ѽ�,����,�̶����,������ ������ ���1�� 18,2022.11.1.
795,����Ư����ġ��,������,�ѽ�,�������,������,������ ������ ����7�� 5-10,2022.11.1.
796,����Ư����ġ��,������,�ѽ�,����,���������������Ϳ�,������ ������ ����� �忭�� 13,2022.11.1.
797,����Ư����ġ��,ö����,�ѽ�,�ι��ſ���,����������,������ ö���� ������ â���� 2421,2017-11-10
798,����Ư����ġ��,ö����,�ѽ�,���������ſ���,�׸��Ĵ�,������ ö���� ������ â���� 2405,2017-11-10
799,����Ư����ġ��,ö����,�ѽ�,�����,��õ�Ĵ�,������ ö���� ������ ������158���� 51,2013-11-07
800,����Ư����ġ��,ö����,�ѽ�,"�ſ���, �ߺ�����",����õȲ���׸ſ���,������ ö���� ������ ��ź�� 41,2016-05-09
801,����Ư����ġ��,ö����,�ѽ�,�߾���,�밡,������ ö���� ������ ������ 281,2005-08-31
802,����Ư����ġ��,ö����,�ѽ�,"��������,����",���밨����ȭ�α���,������ ö���� ������ �º��� 1537,2006-08-23
803,����Ư����ġ��,ö����,�ѽ�,"�ѿ챸��,�Ұ���,������",���ֻ꼺,������ ö���� ������ ȣ���� 4507,2017-05-11
804,����Ư����ġ��,ö����,�ѽ�,���̹������,�������̹������,������ ö���� ���� �ݰ��� 7516,2017-11-10
805,����Ư����ġ��,ö����,�ѽ�,��������,���ÿ���,������ ö���� ������ ����2��10���� 30,2010-08-16
806,����Ư����ġ��,ö����,����(���ұ���),�ѿ����,���뼱�ѿ���,������ ö���� ������ ȣ���� 4987 (1~2)��,2010-08-16
807,����Ư����ġ��,ö����,�ѽ�,������,����������,������ ö���� ö���� ���з�251���� 6,2014-11-04
808,����Ư����ġ��,ö����,�ѽ�,��¡�ȸ,����Ĵ�,������ ö���� ������ �º��� 2177,2004-08-02
809,����Ư����ġ��,ö����,�ѽ�,"�δ��,�ֹ���",�����Ĵ�,������ ö���� ������ ��ο��� 4-1,2006-08-24
810,����Ư����ġ��,ö����,����(���ұ���),"�Ұ���,��������",��ǳ����,������ ö���� ��ȭ�� �л�� 32,2004-08-02
811,����Ư����ġ��,ö����,�ѽ�,"���κ�,�κ�����,�ᱹ��,�Ʊ���",���ҸӴϼյκνĴ�,������ ö���� ������ ��ο���17���� 9,2007-06-21
812,����Ư����ġ��,ö����,�ѽ�,���,�Ϲ̸��ݰ����,������ ö���� ������ ����� 72,2009-07-14
813,����Ư����ġ��,ö����,�ѽ�,"�ſ���,�ι����,���",�Ӳ����Ĵ�,������ ö���� ������ �º��� 1825,2004-08-02
814,����Ư����ġ��,ö����,�߱���,"������,�Ⱥ�ä,������",�߱���,������ ö���� �ٳ��� �Ͽ���� 2080,2007-06-22
815,����Ư����ġ��,ö����,�ѽ�,"�ѿ���, ������",ö��������������,������ ö���� ������ ���з� 75,2016-05-09
816,����Ư����ġ��,ö����,�ѽ�,"ö��û������,Ħ�ø�",ö��������,������ ö���� ���� �ڵ�� 614,2008-07-18
817,����Ư����ġ��,ö����,�ѽ�,"���絹�ܹ�,������",ö�����絹�ܹ�,������ ö���� ������ ������174���� 14,2004-08-02
818,����Ư����ġ��,ö����,�ѽ�,���߳��̰���,ö�����밥�������� ö����,������ ö���� ������ ����2��17���� 15,2013-11-07
819,����Ư����ġ��,ö����,�ѽ�,"��������, �������",ö����������,������ ö���� ������ ����1��38���� 22,2017-11-10
820,����Ư����ġ��,ö����,�ѽ�,������������,��ǳ�ɰ�����,������ ö���� ������ ��ο���17���ȱ� 22-9,2014-11-04
821,����Ư����ġ��,ö����,�ѽ�,"������,��������,�ѿ������,�ѿ���ȸ",�ѿ쿬,������ ö���� ������ ���з�136���� 9,2009-07-14
822,����Ư����ġ��,ö����,�ѽ�,"�ڿ���ι��ſ���,ö��û����������",������,������ ö���� ������ �º��� 1825,2007-06-22
823,����Ư����ġ��,ȭõ,�ѽ�,"�߰���, ������",����ִ߰���,����Ư����ġ�� ȭõ�� ȭõ�� ��·�1�� 16-6,2013-10-08
824,����Ư����ġ��,ȭõ,�ѽ�,�޲ٹ�,���� �޲ٹ�,����Ư����ġ�� ȭõ�� ȭõ�� ���ȭ��5�� 1,2018-04-05
825,����Ư����ġ��,ȭõ,�ѽ�,�ѽĺ���,�����Ĵ�,����Ư����ġ�� ȭõ�� ������ ��ô������ 311-1,2023-10-31
826,����Ư����ġ��,ȭõ,�ѽ�,"������,��õ���(����)",��û����,����Ư����ġ�� ȭõ�� ȭõ�� �߾ӷ�5�� 8,2013-10-08
827,����Ư����ġ��,ȭõ,�ѽ�,"�������,LA����",�̰�,����Ư����ġ�� ȭõ�� ȭõ�� �߾ӷ�4�� 29-5,2019-11-09
828,����Ư����ġ��,ȭõ,�ѽ�,����������,�ٴټ����ع�õ������������ ȭõ��,����Ư����ġ�� ȭõ�� ȭõ�� �߾ӷ�6�� 33,2023-10-31
829,����Ư����ġ��,ȭõ,�ѽ�,�濰������,�е� �濰����,����Ư����ġ�� ȭõ�� ȭõ�� ���ȭ��1�� 5,2019-11-09
830,����Ư����ġ��,ȭõ,�ѽ�,"����������,�����Ұ���",��ä��,����Ư����ġ�� ȭõ�� ȭõ�� ��·� 54-9,2013-10-08
831,����Ư����ġ��,ȭõ,�ѽ�,"����, �ѿ�",��õ�����Ĵ�,����Ư����ġ�� ȭõ�� ȭõ�� ���ȭ�� 111,2021-11-29
832,����Ư����ġ��,ȭõ,�ѽ�,"���̿������, ����",��ȭ�갡��,����Ư����ġ�� ȭõ�� ȭõ�� ��·� 49-19,2016-11-03
833,����Ư����ġ��,ȭõ,�ѽ�,"�����ν�, ������",���㸶��,����Ư����ġ�� ȭõ�� �系�� ��ȭ����2�� 19,2013-10-08
834,����Ư����ġ��,ȭõ,�ѽ�,"���,��ȸ",���Ѹ���,"����Ư����ġ�� ȭõ�� ȭõ�� �߾ӷ�4�� 12, ��4�� 16��,��ȣ",2018-11-09
835,����Ư����ġ��,ȭõ,�ѽ�,"��������,����",�����,����Ư����ġ�� ȭõ�� ȭõ�� �߾ӷ�7�� 23 (�� 1����),2014-10-08
836,����Ư����ġ��,ȭõ,�ѽ�,"�����, ��������",��������,����Ư����ġ�� ȭõ�� ȭõ�� �߾ӷ�2�� 23-12,2013-10-08
837,����Ư����ġ��,ȭõ,�ѽ�,"�����, ������",���� ����輼��,����Ư����ġ�� ȭõ�� ȭõ�� �����̱� 43,2013-10-08
838,����Ư����ġ��,ȭõ,�ѽ�,"�߰���,������",�����߰���,"����Ư����ġ�� ȭõ�� �系�� �系��7�� 18, �����߰���",2013-10-08
839,����Ư����ġ��,ȭõ,�ѽ�,"�ع���,��������",���ذ�,����Ư����ġ�� ȭõ�� �系�� ��ȭ����1�� 27-17,2013-10-08
840,����Ư����ġ��,ȭõ,�ѽ�,�κκ���,����,����Ư����ġ�� ȭõ�� ȭõ�� ���̸��� 39,2018-07-04
841,����Ư����ġ��,ȭõ,�ѽ�,"����,������",������,����Ư����ġ�� ȭõ�� �󼭸� ������ 7746,2017-12-08
842,����Ư����ġ��,ȭõ,�ѽ�,"�ø�, ������, ����",�����,����Ư����ġ�� ȭõ�� ȭõ�� �߾ӷ�9�� 20-55,2023-10-31
843,����Ư����ġ��,ȭõ,�ѽ�,"�ι����, �����",�׾Ƹ����,����Ư����ġ�� ȭõ�� ȭõ�� �߾ӷ�8�� 21,2023-10-31
844,����Ư����ġ��,ȭõ,�ѽ�,"������,��������",ȭõ������,����Ư����ġ�� ȭõ�� ȭõ�� ��ȭ�� 217,2014-10-08
845,����Ư����ġ��,ȭõ,�ѽ�,"������,���",ȭõ�ﳪ�����,����Ư����ġ�� ȭõ�� ȭõ�� �߾ӷ�1�� 14-5,2017-12-08
846,����Ư����ġ��,ȭõ,�߽�,"������,�����쵿",������,����Ư����ġ�� ȭõ�� �󼭸� ������ 7706-1,2013-10-08
847,����Ư����ġ��,ȭõ,�߽�,"�����,������",�߱���,"����Ư����ġ�� ȭõ�� ȭõ�� �߾ӷ�2�� 13-4, 1-2��",2013-10-08
848,����Ư����ġ��,ȭõ,�н�,"�Ｎ������, ���",����,����Ư����ġ�� ȭõ�� ȭõ�� �߾ӷ�6�� 13-9,2021-11-29
849,����Ư����ġ��,ȭõ,�ѽ�,"�Ұ���, ��������",�긶������,����Ư����ġ�� ȭõ�� �系�� �系�� 57,2013-10-08
850,����Ư����ġ��,�籸��,�ѽ�,������,��ġ������,����Ư����ġ�� �籸�� ������ 34-9,1992.08.24.
851,����Ư����ġ��,�籸��,����,��������,�ɺ��� �� �籸��,����Ư����ġ�� �籸�� �߾ӱ� 33-16,2022.10.26.
852,����Ư����ġ��,�籸��,�ѽ�,�����,���̻����,����Ư����ġ�� �籸�� û��� 39-37,2017.11.07.
853,����Ư����ġ��,�籸��,�ѽ�,�߾���,����ʸ��������߾���,����Ư����ġ�� �籸�� ������ 58-19,2005.12.01.
854,����Ư����ġ��,�籸��,�н�,������,���������,����Ư����ġ�� �籸�� �߾ӱ� 51,2020.10.30.
855,����Ư����ġ��,�籸��,�Ͻ�,�ٴ�ȸ,�ٴپ�,����Ư����ġ�� �籸�� �ؽð�� 28-1,2022.10.26.
856,����Ư����ġ��,�籸��,���,"ġŲ,������",���ť��������,����Ư����ġ�� �籸�� �߾ӱ� 15,2019.11.11.
857,����Ư����ġ��,�籸��,�ѽ�,����� ����,������,����Ư����ġ�� �籸�� �糲�� 16���� 3,2013.10.28.
858,����Ư����ġ��,�籸��,Ƚ��,�ٴ�ȸ,ȸ����,����Ư����ġ�� �籸�� ����� 65,2022.10.26.
859,����Ư����ġ��,�籸��,�ѽ�,"�ø�, ������",�ҳ�������ø鸷����,����Ư����ġ�� �籸�� û��� 82-38,2015.10.19.
860,����Ư����ġ��,�籸��,�ѽ�,�÷��� ����,�÷���,����Ư����ġ�� �籸�� Ȳ���� 16-23,2017.11.07.
861,����Ư����ġ��,�籸��,�Ͻ�,"�ι�ȸ, �ſ���",�籸����Ƚ��,����Ư����ġ�� �籸�� ��ϱ� 23���� 6-2,2006.12.01.
862,����Ư����ġ��,�籸��,����,���Ұ���,�����帲 ����,����Ư����ġ�� �籸�� ��ϱ� 23���� 12-7,2009.12.01.
863,����Ư����ġ��,�籸��,����,��������,�̰�����,����Ư����ġ�� �籸�� ����� 118-10,2022.10.26.
864,����Ư����ġ��,�籸��,�ѽ�,"�κ�����, ���",���߾Ӹ���,����Ư����ġ�� �籸�� �ؽð�� 14,2016.11.10.
865,����Ư����ġ��,�籸��,�Ͻ�,"��ġȸ, �ٴ�ȸ",û��ġ,����Ư����ġ�� �籸�� ��ϱ� 23���� 6-11,2016.11.10.
866,����Ư����ġ��,������,�ѽ�,"��������,������",������ ȭ�� ���ұ���,������ �⸰�� ����õ�� 4013,2011.11.15
867,����Ư����ġ��,������,�ѽ�,"�����ѹ����,�κ�����",�����Ĵ�,������ ���� ���ȼ��� 2115,2002.05.06
868,����Ư����ġ��,������,����,"�߰����콺����ũ,�Ƚ�",��������ȴ���,������ �ϸ� �����1�� 6-5,2011.11.15
869,����Ư����ġ��,������,�ѽ�,Ȳ�±�������,���Ȳ�»��Ĵ�,������ �ϸ� �̽÷ɷ� 1368,2015.11.30
870,����Ư����ġ��,������,�ѽ�,�����̾��,�����Ĵ�,������ �ϸ� ����� 169,2017.12.04
871,����Ư����ġ��,������,�ѽ�,"���ۼ�����,�հ�����",�ٿð���,������ �ϸ� ����� 256,2015.11.30
872,����Ư����ġ��,������,����(���ұ���),"�ѿ�ϼ�,��������",�쵷��,������ �ϸ� ����� 316,2007.06.01
873,����Ư����ġ��,������,����(���ұ���),"��������,���",���ǽ��Ұ���,������ �ϸ� �����147���� 24-2,2005.07.01
874,����Ư����ġ��,������,�ѽ�,Ȳ������,������Ĵ�,������ �ϸ� ���ηɷ� 107,2012.11.09
875,����Ư����ġ��,������,�ѽ�,Ȳ������,Ȳ�¸�ǰ���Ĵ�,������ �ϸ� Ȳ�±� 373,2015.11.30
876,����Ư����ġ��,������,����(���ұ���),"�ѿ���,��������",�ѿ����,������ ������ �����15���� 22,2010.12.23
877,����Ư����ġ��,������,����(���ұ���),"��������, ����",��ȣ���Ұ���,������ ������ �����16���� 9,2003.06.03
878,����Ư����ġ��,������,�ѽ�,"���������, ����Ұ���",������,������ ������ �����30���� 42,2011.11.15
879,����Ư����ġ��,������,�н�,"������Į����, �ᱹ��",���̼�Į����,������ ������ �����44���� 25,2005.07.01
880,����Ư����ġ��,������,�ѽ�,���Ҵ߰���,�̼ҽ��Ҵ߰���,������ ������ ������ 322,2015.11.30
881,����Ư����ġ��,������,����(���ұ���),"�ѿ�Ұ���, ����",�Ϲ���,������ ������ ������188���� 1,2002.05.06
882,����Ư����ġ��,������,�ѽ�,Ȳ�±�������,����Ĵ�,������ �ϸ� Ȳ�±� 367,2002.05.06
883,����Ư����ġ��,������,�ѽ�,�ع���,���ڳ�,������ �ϸ� ����� 92,2021.11.22
884,����Ư����ġ��,������,�ѽ�,"�ع���,��ġ��,������ ��",����Ĵ�,����Ư����ġ�� ������ ������ ��ź���� 148,2016-12-15
885,����Ư����ġ��,������,����(���ұ���),"��������, ���, �����, �ø�",��۽��Ұ���,����Ư����ġ�� ������ ������ ������ 31-1,2009-07-27
886,����Ư����ġ��,������,�ѽ�,"�����, �η�ġ��",����ȸ��,����Ư����ġ�� ������ ������ ��ź���� 99,2002-07-05
887,����Ư����ġ��,������,����(���ұ���),����,�Ϲ̽��Ұ���,����Ư����ġ�� ������ ������ ������ 38-5,2020-10-20
888,����Ư����ġ��,������,�ø���,"���, ��������",��ȸ��,����Ư����ġ�� ������ ������ ������30���� 10,2001-06-07
889,����Ư����ġ��,������,�ѽ�,"������,�������",�������̹��,����Ư����ġ�� ������ ������ �ڻ�õ�� 36,2001-06-07
890,����Ư����ġ��,������,Ƚ��,"ȸ,�ſ���,��ȸ",����Ȱ���ڿ���������,����Ư����ġ�� ������ �伺�� �ƾ����غ��� 80,2012-11-01
891,����Ư����ġ��,������,�ѽ�,"������, �ð�κ�",ȭ��������������,����Ư����ġ�� ������ ������ ȭ�������� 76,2007-07-13
892,����Ư����ġ��,������,�ѽ�,"�δ��,������,���������",�������,����Ư����ġ�� ������ ������ �����Ϸ� 4,2017-11-29
893,����Ư����ġ��,������,Ƚ��,"����ȸ,�����ſ���,��ȸ",�ݰ���Ƚ��,����Ư����ġ�� ������ ������ �����ױ� 85,2016-12-15
894,����Ư����ġ��,������,Ƚ��,"����ȸ, �ſ���",�����õȽ��,����Ư����ġ�� ������ ������ ������1�� 73,2018-11-16
895,����Ư����ġ��,������,����(���ұ���),��������,�����������ұ���,����Ư����ġ�� ������ �伺�� ����� 650-20,2020-10-20
896,����Ư����ġ��,������,�ѽ�,"������,�޹���,����",�޹��� ���� ������,����Ư����ġ�� ������ ������ ������ 46,2019-11-08
897,����Ư����ġ��,������,Ƚ��,"����ȸ,�����ſ���,��ȸ",û��,����Ư����ġ�� ������ �׿ո� �������غ��� 95-3,2016-12-15
898,����Ư����ġ��,������,�ѽ�,"������, ����, �޹к�ħ",��ȭ�� ������,����Ư����ġ�� ������ �伺�� ȭ���� 42-21,2011-10-27
899,����Ư����ġ��,������,�ѽ�,"������,��������,�������÷������屹 ��",����,����Ư����ġ�� ������ ������ �ڻ�õ�� 41,2016-12-15
900,����Ư����ġ��,������,����(���ұ���),"�ѿ�Ư���������, ���, ��ȸ�����",�����ѿ���,����Ư����ġ�� ������ ������ ������ 24,2013-11-04
901,����Ư����ġ��,������,Ƚ��,����ȸ,�����κ�Ƚ��,����Ư����ġ�� ������ �׿ո� �����غ��� 88,2020-10-20
902,����Ư����ġ��,������,�ѽ�,"��������, ��������, ���±���",�������� �Ѽ���,����Ư����ġ�� ������ �׿ո� ���ش�� 5841,2019-11-08
903,����Ư����ġ��,������,�ѽ�,"Ȳ���Ұ���, ���尥��, �����հ���",���尥�� ������,����Ư����ġ�� ������ ������ ������ 17,2021-11-16
904,����Ư����ġ��,������,����(���ұ���),����,�Ÿ������ű������,����Ư����ġ�� ������ ������ ������ 27,2020-10-20
905,����Ư����ġ��,������,�ѽ�,������,���ηɸ�����,����Ư����ġ�� ������ ������ ���ηɷ� 2652,2015-12-11
906,����Ư����ġ��,������,�ѽ�,������,�ڰ��� �޹и�����,����Ư����ġ�� ������ ������ �ݰ���� 51,2015-12-11
907,����Ư����ġ��,������,����,"��ȸ�Ľ�Ÿ,ȫ�Է����Ľ�Ÿ,���õ����� ��",�ٴ����� �Ű�,����Ư����ġ�� ������ �伺�� �������� 23,2016-12-15
908,����Ư����ġ��,������,�ѽ�,������,�Ǻ�������,����Ư����ġ�� ������ ������ �Ǻ���� 378,2021-11-16
909,����Ư����ġ��,������,�ѽ�,"�ҸӸ�����,�������α�,�ҸӸ������������",����� �ҸӸ�����,����Ư����ġ�� ������ ������ �����Ϸ�7���� 45,2017-11-29
910,����Ư����ġ��,������,����(���ұ���),"���ұ���,�����",���̽��Ұ���,����Ư����ġ�� ������ ������ ������ 55-6,2017-11-29
911,����Ư����ġ��,������,Ƚ��,"����ȸ, �ſ���",������Ƚ��,����Ư����ġ�� ������ ������ ������1�� 49-1,2019-11-08
912,����Ư����ġ��,������,�ѽ�,����,û��,����Ư����ġ�� ������ ������ ��õ����3�� 2-5,2020-10-20
913,����Ư����ġ��,������,�ѽ�,�����,��������� �� ���Ŷ�,"����Ư����ġ�� ������ �伺�� ������ 58, �Լ��Ŷ�",2021-11-16
914,����Ư����ġ��,������,��Ÿ,"�귱ġ�޴�, �����",����ī�� �ҿ�긴��,"����Ư����ġ�� ������ �伺�� õ���غ��� 33, �ҿ�긴��",2022-11-04
915,����Ư����ġ��,������,�ѽ�,�ػ깰,���Ĵ�,"����Ư����ġ�� ������ �伺�� ���ϱ� 80, 2��",2021-11-16
916,����Ư����ġ��,������,�ѽ�,������,��븮������,����Ư����ġ�� ������ ������ ���ηɷ� 2866,2022-11-04
917,����Ư����ġ��,������,����(���ұ���),���Ұ���,�谡�װ�����,����Ư����ġ�� ������ ������ �����ȱ� 48,2022-11-04
918,����Ư����ġ��,������,Ƚ��,"��ȸ, ȸ���� ��",�ݰ��굵���İ�,����Ư����ġ�� ������ �׿ո� �������غ��� 95,2022-11-04
919,����Ư����ġ��,��籺,�ѽ�,�߾���,�������߾���,������ ��籺 ����� �̸��� 16,2018-11-01
920,����Ư����ġ��,��籺,�ѽ�,��������,�������,������ ��籺 ����� �Ÿ�õ�� 60,2018-11-01
921,����Ư����ġ��,��籺,�ѽ�,�޹и�����,�ٶ�������,������ ��籺 ������ �α��߾ӱ� 95,2020-11-01
922,����Ư����ġ��,��籺,�ѽ�,"�ø�, �޹б���",�ܾ���,������ ��籺 ����� ����6�� 3,2001-06-30
923,����Ư����ġ��,��籺,�ѽ�,����������,�޷���,������ ��籺 ����� ������ ȭ��õ�� 634,2018-11-01
924,����Ư����ġ��,��籺,�ѽ�,"ȸ����,��ȸ",���ʹٴ� ������,������ ��籺 �վ�� ��ȭ������ 3-4,2017-11-01
925,����Ư����ġ��,��籺,�ѽ�,"�޹б���,����",���ظ�����,������ ��籺 ������ ���ش�� 54,2018-11-01
926,����Ư����ġ��,��籺,�ѽ�,������,���ظ����� ����,������ ��籺 ����� ���������� 2,2004-07-01
927,����Ư����ġ��,��籺,�ѽ�,��ɱ���,���,������ ��籺 ����� ��������� 23,2003-07-01
928,����Ư����ġ��,��籺,�ѽ�,"��,��,��,���",������� ����,������ ��籺 ������ ���ű� 260,2020-11-01
929,����Ư����ġ��,��籺,�ѽ�,"����, ��������",������������,������ ��籺 ����� ���Ʊ� 4-1,2009-07-01
930,����Ư����ġ��,��籺,�ѽ�,�޹б���,���ٿ츷����,������ ��籺 ������ ���ش�� 3277-22,2009-07-01
931,����Ư����ġ��,��籺,�ѽ�,�޹б���,�ﱳ�� ��ġ�� ������,������ ��籺 �վ�� ����� 20,2018-11-01
932,����Ư����ġ��,��籺,�ѽ�,�޹б���,���޹���,������ ��籺 �վ�� ���� 44-33,2010-07-01
933,����Ư����ġ��,��籺,�ѽ�,"���̺Ұ���,Ư������",�۸��Ĵ�,������ ��籺 ����� ���� 78-5,2017-11-01
934,����Ư����ġ��,��籺,�ѽ�,"�ڿ����� �ع�����, ��巹��",����,������ ��籺 �վ�� ���������� 678,2016-12-01
935,����Ư����ġ��,��籺,�ѽ�,"���̵�������, ��������",���̰�,������ ��籺 �վ�� ����� 4,2022-11-01
936,����Ư����ġ��,��籺,�ѽ�,��������,���̹�������,������ ��籺 ����� ����õ�� 55-20,2001-06-30
937,����Ư����ġ��,��籺,�ѽ�,�޹б���,�����޹б���,������ ��籺 �վ�� ����� 4-23,2011-11-01
938,����Ư����ġ��,��籺,�ѽ�,�ѿ��뱸��,����ѿ츶��,������ ��籺 ����� ���߷� 500,2004-07-01
939,����Ư����ġ��,��籺,�ѽ�,"������, Į����",������,������ ��籺 ����� ������ 20,2018-11-01
940,����Ư����ġ��,��籺,�ѽ�,��������,���¿��հ���,"������ ��籺 ������ ����� 15-1, 1��",2022-11-01
941,����Ư����ġ��,��籺,�ѽ�,"�޹б���, ����",�Ծϸ޹�Ÿ��,������ ��籺 ������ ȭ��õ�� 155,2001-06-30
942,����Ư����ġ��,��籺,�ѽ�,"��ä����, ��ä�����",�������ä����,������ ��籺 ����� ���� 33,2008-07-01
943,����Ư����ġ��,��籺,�ѽ�,��ɱ���,�ڶѷ� ���� �,������ ��籺 �վ�� ������ 15,2018-11-01
944,����Ư����ġ��,��籺,�ѽ�,�ѿ�(���),�ѿ�����̶�,������ ��籺 ����� �Ÿ�õ�� 59-5,2016-12-01
945,����Ư����ġ��,��籺,�ѽ�,"�ø�, �޹б���",�԰���,������ ��籺 ����� ����2�� 7,2001-06-30
946,����Ư����ġ��,��籺,�ѽ�,"����ȸ, �ſ���",�س�Ƚ��,������ ��籺 ������ �Ź����� 163,2009-07-01
947,����Ư����ġ��,��籺,�ѽ�,������������,ȫ���ֽ��Ұ���,������ ��籺 ������ ���ش�� 3563,2018-11-01
948,����Ư����ġ��,��籺,�ѽ�,"����ȸ, ��ȸ",���Ƚ��,������ ��籺 �վ�� ���� 1�� 47,2018-11-01
949,����Ư����ġ��,��籺,�ѽ�,����,����,����Ư����ġ�� ��籺 �վ�� ������ 81,2023-12-22
950,����Ư����ġ��,��籺,�ѽ�,"��,��,��,���",��Ÿũ����,����Ư����ġ�� ��籺 ������ �α��߾ӱ� 10,2023-12-22
951,����Ư����ġ��,��籺,�ѽ�,"������, �ø�",�ڿ����,����Ư����ġ�� ��籺 �վ�� ���������� 207,2023-12-22
952,����Ư����ġ��,��籺,�ѽ�,��������,����ϴ�,����Ư����ġ�� ��籺 ������ �α��߾ӱ� 32-16,2023-12-22
953,����Ư����ġ��,������,��Ÿ,"�귱ġ�޴�, �����",����ī�� �ҿ�긴��,"����Ư����ġ�� ������ �伺�� õ���غ��� 33, �ҿ�긴��",2022-11-04
954,����Ư����ġ��,������,�ѽ�,�ػ깰,���Ĵ�,"����Ư����ġ�� ������ �伺�� ���ϱ� 80, 2��",2021-11-16
955,����Ư����ġ��,������,�ѽ�,������,��븮������,����Ư����ġ�� ������ ������ ���ηɷ� 2866,2022-11-04
956,����Ư����ġ��,������,����(���ұ���),���Ұ���,�谡�װ�����,����Ư����ġ�� ������ ������ �����ȱ� 48,2022-11-04
957,����Ư����ġ��,������,Ƚ��,"��ȸ, ȸ���� ��",�ݰ��굵���İ�,����Ư����ġ�� ������ �׿ո� �������غ��� 95,2022-11-04
958,����Ư����ġ��,��籺,�ѽ�,�߾���,�������߾���,������ ��籺 ����� �̸��� 16,2018-11-01
959,����Ư����ġ��,��籺,�ѽ�,��������,�������,������ ��籺 ����� �Ÿ�õ�� 60,2018-11-01
960,����Ư����ġ��,��籺,�ѽ�,�޹и�����,�ٶ�������,������ ��籺 ������ �α��߾ӱ� 95,2020-11-01
961,����Ư����ġ��,��籺,�ѽ�,"�ø�, �޹б���",�ܾ���,������ ��籺 ����� ����6�� 3,2001-06-30
962,����Ư����ġ��,��籺,�ѽ�,����������,�޷���,������ ��籺 ����� ������ ȭ��õ�� 634,2018-11-01
963,����Ư����ġ��,��籺,�ѽ�,"����,�Ұ����",���ŵ���,������ ��籺 ����� ����9�� 18,2008-07-01
964,����Ư����ġ��,��籺,�ѽ�,"ȸ����,��ȸ",���ʹٴ� ������,������ ��籺 �վ�� ��ȭ������ 3-4,2017-11-01
965,����Ư����ġ��,��籺,�ѽ�,"�޹б���,����",���ظ�����,������ ��籺 ������ ���ش�� 54,2018-11-01
966,����Ư����ġ��,��籺,�ѽ�,������,���ظ����� ����,������ ��籺 ����� ���������� 2,2004-07-01
967,����Ư����ġ��,��籺,�ѽ�,��ɱ���,���,������ ��籺 ����� ��������� 23,2003-07-01
968,����Ư����ġ��,��籺,�ѽ�,"��,��,��,���",������� ����,������ ��籺 ������ ���ű� 260,2020-11-01
969,����Ư����ġ��,��籺,�ѽ�,"����, ��������",������������,������ ��籺 ����� ���Ʊ� 4-1,2009-07-01
970,����Ư����ġ��,��籺,�ѽ�,�޹б���,���ٿ츷����,������ ��籺 ������ ���ش�� 3277-22,2009-07-01
971,����Ư����ġ��,��籺,�ѽ�,�޹б���,�ﱳ�� ��ġ�� ������,������ ��籺 �վ�� ����� 20,2018-11-01
972,����Ư����ġ��,��籺,�ѽ�,�޹б���,���޹���,������ ��籺 �վ�� ���� 44-33,2010-07-01
973,����Ư����ġ��,��籺,�ѽ�,"���̺Ұ���,Ư������",�۸��Ĵ�,������ ��籺 ����� ���� 78-5,2017-11-01
974,����Ư����ġ��,��籺,�ѽ�,"�ڿ����� �ع�����, ��巹��",����,������ ��籺 �վ�� ���������� 678,2016-12-01
975,����Ư����ġ��,��籺,�ѽ�,"���̵�������, ��������",���̰�,������ ��籺 �վ�� ����� 4,2022-11-01
976,����Ư����ġ��,��籺,�ѽ�,��������,���̹�������,������ ��籺 ����� ����õ�� 55-20,2001-06-30
977,����Ư����ġ��,��籺,�ѽ�,�޹б���,�����޹б���,������ ��籺 �վ�� ����� 4-23,2011-11-01
978,����Ư����ġ��,��籺,�ѽ�,�ѿ��뱸��,����ѿ츶��,������ ��籺 ����� ���߷� 500,2004-07-01
979,����Ư����ġ��,��籺,�ѽ�,"������, Į����",������,������ ��籺 ����� ������ 20,2018-11-01
980,����Ư����ġ��,��籺,�ѽ�,��������,���¿��հ���,"������ ��籺 ������ ����� 15-1, 1��",2022-11-01
981,����Ư����ġ��,��籺,�ѽ�,"�޹б���, ����",�Ծϸ޹�Ÿ��,������ ��籺 ������ ȭ��õ�� 155,2001-06-30
982,����Ư����ġ��,��籺,�ѽ�,"��ä����, ��ä�����",�������ä����,������ ��籺 ����� ���� 33,2008-07-01
983,����Ư����ġ��,��籺,�ѽ�,��ɱ���,�ڶѷ� ���� �,������ ��籺 �վ�� ������ 15,2018-11-01
984,����Ư����ġ��,��籺,�ѽ�,�ѿ�(���),�ѿ�����̶�,������ ��籺 ����� �Ÿ�õ�� 59-5,2016-12-01
985,����Ư����ġ��,��籺,�ѽ�,"�ø�, �޹б���",�԰���,������ ��籺 ����� ����2�� 7,2001-06-30
986,����Ư����ġ��,��籺,�ѽ�,"����ȸ, �ſ���",�س�Ƚ��,������ ��籺 ������ �Ź����� 163,2009-07-01
987,����Ư����ġ��,��籺,�ѽ�,������������,ȫ���ֽ��Ұ���,������ ��籺 ������ ���ش�� 3563,2018-11-01
988,����Ư����ġ��,��籺,�ѽ�,"����ȸ, ��ȸ",���ȸ��,������ ��籺 �վ�� ���� 1�� 47,2018-11-01
