연번,시도,시군구,업태,주메뉴,업소명,주소,최초 지정일자
1,강원특별자치도,춘천시,한식,"순두부찌개, 닭갈비",(주)원일유통 춘천(상)휴게소,강원특별자치도 춘천시 동내면 영서로 1432,2007-06-01
2,강원특별자치도,춘천시,한식,장어요리,(주)춘천장어마을,"강원특별자치도 춘천시 구마니1길 36-11, 1층 (삼천동)",2021-10-18
3,강원특별자치도,춘천시,한식,"닭갈비,막국수",9우미닭갈비만천점,"강원특별자치도 춘천시 동면 만천로143번길 46-4, 1층",2015-11-23
4,강원특별자치도,춘천시,한식,설렁탕,감미옥설렁탕,"강원특별자치도 춘천시 춘천로 217, 1층 (효자동)",2007-06-01
5,강원특별자치도,춘천시,한식,한우전문점,강원한우타운,"강원특별자치도 춘천시 지석로 11, 별관동 3층 (퇴계동, 춘천축산농협하이록한우타운)",2011-12-01
6,강원특별자치도,춘천시,한식,"막국수,편육",강촌막국수,강원특별자치도 춘천시 남산면 강촌로 62-1,2017-12-06
7,강원특별자치도,춘천시,한식,생선구이,고미고미,"강원특별자치도 춘천시 근화길15번길 17, 1층 (근화동)",2022-10-26
8,강원특별자치도,춘천시,한식,"삼겹살, 목살",고반식당춘천거두점,강원특별자치도 춘천시 동내면 춘천순환로 114,2022-10-26
9,강원특별자치도,춘천시,한식,한정식,곰배령,"강원특별자치도 춘천시 춘천로 19, 1층 (온의동)",2011-12-01
10,강원특별자치도,춘천시,한식,갈비,공지천왕갈비,강원특별자치도 춘천시 효자로 5 (퇴계동),2014-12-09
11,강원특별자치도,춘천시,한식,"생삼겹살, 생갈매기살",구울래머글래,"강원특별자치도 춘천시 대양당길9번길 15, 1층 (후평동)",2022-10-26
12,강원특별자치도,춘천시,한식,숯불갈비,귀품찬곽만근숯불갈비(춘천점),강원특별자치도 춘천시 동내면 춘천순환로 65,2011-12-01
13,강원특별자치도,춘천시,한식,"유황오리백숙,우거지해장국",그랑셰프(클럽하우스),강원특별자치도 춘천시 남산면 북한강변길 688,2007-06-01
14,강원특별자치도,춘천시,한식,"닭갈비,막국수",금병산숯불철판닭갈비,강원특별자치도 춘천시 신동면 금병의숙길 6 (1리),2015-11-23
15,강원특별자치도,춘천시,한식,"막국수, 돼지곰탕",금옥,"강원특별자치도 춘천시 동면 금옥길 289-27, 1층",2023-10-30
16,강원특별자치도,춘천시,한식,"닭갈비, 막국수",꼬꼬메이플가든,"강원특별자치도 춘천시 동내면 동내로 195, 1,2층",2016-11-28
17,강원특별자치도,춘천시,한식,"오리, 닭백숙",나능이능이버섯백숙만천점,강원특별자치도 춘천시 동면 만천로 94,2019-10-31
18,강원특별자치도,춘천시,한식,능이버섯백숙,나능이능이버섯백숙춘천점,"강원특별자치도 춘천시 우묵길78번길 7, 1층 (퇴계동, 좌측)",2014-12-09
19,강원특별자치도,춘천시,한식,닭갈비,남춘천명물닭갈비,강원특별자치도 춘천시 충혼길5번길 3 (퇴계동),2012-11-29
20,강원특별자치도,춘천시,한식,바닷가재,뉴욕바닷가재,강원특별자치도 춘천시 동내면 대룡산길 19-11,2014-12-09
21,강원특별자치도,춘천시,한식,닭갈비,대웅닭갈비막국수,강원특별자치도 춘천시 동면 금옥길 5,2007-06-01
22,강원특별자치도,춘천시,한식,뷔페,더클래식,강원특별자치도 춘천시 동내면 공지로 76,2014-12-09
23,강원특별자치도,춘천시,한식,"등심,갈비탕",동광한우프라자,강원특별자치도 춘천시 춘천로170번길 5 (운교동),2014-12-09
24,강원특별자치도,춘천시,한식,"막국수, 족발",동해막국수퇴계점,강원특별자치도 춘천시 퇴계로 23 (퇴계동),2016-11-28
25,강원특별자치도,춘천시,한식,"돼지갈비, 삼겹살",돼지한마리(후평점),"강원특별자치도 춘천시 후석로326번길 12, 2층 (후평동)",2016-11-28
26,강원특별자치도,춘천시,한식,샤브칼국수,등촌 샤브 칼국수,"강원특별자치도 춘천시 금강로 32-1 (소양로3가, 169-2,180-1,180-2)",2007-06-01
27,강원특별자치도,춘천시,한식,"등심,정육",뚜레,"강원특별자치도 춘천시 동내면 순환대로 643, 가동 1,2층",2020-11-02
28,강원특별자치도,춘천시,한식,"막국수, 편육",메바우명가춘천막국수,"강원특별자치도 춘천시 당간지주길 76, 1층 (근화동)",2016-11-28
29,강원특별자치도,춘천시,한식,막국수,명가막국수,강원특별자치도 춘천시 신북읍 상천3길 8,2007-06-01
30,강원특별자치도,춘천시,한식,닭갈비,명동명물닭갈비,"강원특별자치도 춘천시 금강로62번길 8, 1층 (조양동)",2007-06-01
31,강원특별자치도,춘천시,한식,닭갈비,명동산골닭갈비,"강원특별자치도 춘천시 금강로62번길 7, 1,2층 (조양동)",2020-11-02
32,강원특별자치도,춘천시,한식,"닭갈비,막국수",명동일번지닭갈비,"강원특별자치도 춘천시 금강로62번길 7 (조양동, 외8필지)",2007-06-01
33,강원특별자치도,춘천시,한식,스테이크,미수라,강원특별자치도 춘천시 세실로208번길 4 (후평동),2019-10-31
34,강원특별자치도,춘천시,한식,"막국수,편육",별당막국수,"강원특별자치도 춘천시 춘천로81번길 15, 1층 (약사동)",2007-06-01
35,강원특별자치도,춘천시,한식,칼국수,보영이네해물칼국수만천리점,강원특별자치도 춘천시 동면 만천로 145,2020-11-02
36,강원특별자치도,춘천시,한식,"막국수,편육,빈대떡",본관남부막국수,"강원특별자치도 춘천시 춘천로81번길 16, 1,2층 (약사동)",2014-12-09
37,강원특별자치도,춘천시,한식,한정식,봄담은산채,"강원특별자치도 춘천시 선들길 38, 1층 (삼천동)",2013-12-03
38,강원특별자치도,춘천시,한식,"갈비,갈비탕",봉운장,강원특별자치도 춘천시 소양고개길 26 (소양로3가),2007-06-01
39,강원특별자치도,춘천시,한식,막국수,봉의산막국수,"강원특별자치도 춘천시 후석로 447-2, 1층 (후평동)",2017-12-06
40,강원특별자치도,춘천시,한식,막국수,부안막국수,강원특별자치도 춘천시 후석로344번길 7 (후평동),2007-06-01
41,강원특별자치도,춘천시,한식,"소갈비살, 삼겹살",부안옥,"강원특별자치도 춘천시 보안길 58, 1층 (후평동)",2015-11-23
42,강원특별자치도,춘천시,한식,닭갈비,비와별닭갈비본점,"강원특별자치도 춘천시 스무숲길 5 (석사동, 1,2층)",2009-06-01
43,강원특별자치도,춘천시,한식,막국수,샘밭막국수,강원특별자치도 춘천시 신북읍 신샘밭로 644,2009-06-01
44,강원특별자치도,춘천시,한식,숯불닭갈비,샘토숯불닭갈비남춘천역점,강원특별자치도 춘천시 우묵길52번길 10 (퇴계동),2016-11-28
45,강원특별자치도,춘천시,한식,"월남쌈,소고기샤브",샤브향,강원특별자치도 춘천시 동내면 외솔길19번길 64-8,2012-11-29
46,강원특별자치도,춘천시,한식,샤브샤브,샤브향(퇴계점),"강원특별자치도 춘천시 우묵들길 35-6, 1층 (퇴계동)",2018-11-28
47,강원특별자치도,춘천시,한식,닭갈비,성우닭갈비,강원특별자치도 춘천시 동내면 춘천순환로 110,2012-11-29
48,강원특별자치도,춘천시,한식,돼지갈비,소담송하앤드더나인피크,"강원특별자치도 춘천시 동면 춘천순환로 868, 1~2층",2017-12-06
49,강원특별자치도,춘천시,한식,송어.산천어,소양강양어장,강원특별자치도 춘천시 동면 소양강로 675 (외1필지),2007-06-01
50,강원특별자치도,춘천시,한식,사골순대국밥,순대박사,강원특별자치도 춘천시 영서로 2502 (근화동),2021-10-18
51,강원특별자치도,춘천시,한식,막국수,시골막국수,강원특별자치도 춘천시 신북읍 율문길 100,2007-06-01
52,강원특별자치도,춘천시,한식,"막국수, 수육",연산골막국수,강원특별자치도 춘천시 동면 연산골길 105-12,2022-10-26
53,강원특별자치도,춘천시,한식,장어,영산강,강원특별자치도 춘천시 동내면 거두길 18,2013-12-03
54,강원특별자치도,춘천시,한식,한정식,옛날옛집,강원특별자치도 춘천시 동면 만천로 102,2007-06-01
55,강원특별자치도,춘천시,한식,"닭갈비,막국수",오부자닭갈비막국수,강원특별자치도 춘천시 안마산로 22 (온의동),2011-12-01
56,강원특별자치도,춘천시,한식,"막국수,보쌈",오수물막국수,강원특별자치도 춘천시 신북읍 맥국2길 15,2014-12-09
57,강원특별자치도,춘천시,한식,"숯불양념삽겹살,숯불닭갈비",우물집,강원특별자치도 춘천시 남산면 강촌로 86 (2층),2012-11-29
58,강원특별자치도,춘천시,한식,닭갈비,우성닭갈비본점,강원특별자치도 춘천시 동면 만천양지길 87,2019-10-31
59,강원특별자치도,춘천시,한식,갈비탕,원조갈비탕,"강원특별자치도 춘천시 시청길 32, 1층 110호 (조양동)",2019-10-31
60,강원특별자치도,춘천시,한식,추어탕,원주토정추어탕,강원특별자치도 춘천시 신동면 김유정로 1746,2022-10-26
61,강원특별자치도,춘천시,한식,닭갈비,유미닭갈비,강원특별자치도 춘천시 금강로62번길 12 (조양동),2019-10-31
62,강원특별자치도,춘천시,한식,막국수,유포리막국수,강원특별자치도 춘천시 신북읍 맥국2길 123 (외2필지),2007-06-01
63,강원특별자치도,춘천시,한식,냉면,육쌈냉면(춘천명동점),강원특별자치도 춘천시 명동길 9 (조양동),2012-11-29
64,강원특별자치도,춘천시,한식,닭갈비,일점오닭갈비,강원특별자치도 춘천시 후만로 77 (후평동),2007-06-01
65,강원특별자치도,춘천시,한식,"고기말이,등심",임가네,"강원특별자치도 춘천시 새롬공원길 25, 1층 (석사동)",2021-10-18
66,강원특별자치도,춘천시,한식,닭갈비,장호더그릴,"강원특별자치도 춘천시 신북읍 신샘밭로 682, 1~2층",2018-11-28
67,강원특별자치도,춘천시,한식,"오리백숙,닭백숙",정자나루,강원특별자치도 춘천시 남산면 한치로 120,2011-12-01
68,강원특별자치도,춘천시,한식,"동치미막국수, 편육",정족리동치미막국수,"강원특별자치도 춘천시 신동면 김유정로 1772, 1층",2022-10-26
69,강원특별자치도,춘천시,한식,닭갈비,조약돌숯불닭갈비,"강원특별자치도 춘천시 낙원길 43 (낙원동, 1층)",2014-12-09
70,강원특별자치도,춘천시,한식,닭갈비,춘천명종닭갈비,"강원특별자치도 춘천시 동면 도일길 56, 1,2층",2020-11-02
71,강원특별자치도,춘천시,한식,"닭갈비,막국수",춘천사랑닭갈비,강원특별자치도 춘천시 낙원길 47-1 (낙원동),2014-12-09
72,강원특별자치도,춘천시,한식,닭갈비,춘천산닭 산속에닭갈비,"강원특별자치도 춘천시 옛경춘로 562-20, 가,나동 1층 (온의동)",2020-11-02
73,강원특별자치도,춘천시,한식,숯불닭갈비,춘천원조숯불닭갈비,강원특별자치도 춘천시 효자로 9 (퇴계동),2015-11-23
74,강원특별자치도,춘천시,한식,이동갈비,춘천이동갈비,"강원특별자치도 춘천시 춘주로201번길 4, 1층 (퇴계동)",2018-11-28
75,강원특별자치도,춘천시,한식,닭갈비,춘천제일닭갈비,"강원특별자치도 춘천시 새롬공원길 22-1, 1층 (석사동)",2020-11-02
76,강원특별자치도,춘천시,한식,두부전골,콩사랑마을,"강원특별자치도 춘천시 우묵들길 35-14, 1,2층 (퇴계동)",2016-11-28
77,강원특별자치도,춘천시,한식,"등심, 육회",큰집한우,"강원특별자치도 춘천시 서부대성로 135, 2층 (운교동)",2016-11-28
78,강원특별자치도,춘천시,한식,돼지갈비,토담화로구이,"강원특별자치도 춘천시 남춘로36번길 65 (퇴계동, 1층)",2007-06-01
79,강원특별자치도,춘천시,한식,닭갈비,통나무집닭갈비,강원특별자치도 춘천시 신북읍 신샘밭로 763,2007-06-01
80,강원특별자치도,춘천시,한식,"삼겹살,항정살",하남돼지집,"강원특별자치도 춘천시 보안길 73, 1층 (후평동)",2015-11-23
81,강원특별자치도,춘천시,한식,한정식,하주골,강원특별자치도 춘천시 동면 만천로 163,2007-06-01
82,강원특별자치도,춘천시,한식,"막국수,닭갈비",학곡리막국수닭갈비,"강원특별자치도 춘천시 공지로 29, 1층 (석사동)",2015-11-23
83,강원특별자치도,춘천시,한식,"육개장, 시래기명태조림",한양시래기명태조림춘천점,"강원특별자치도 춘천시 영서로 2195 (퇴계동, (굿모닝마트2층))",2013-12-03
84,강원특별자치도,춘천시,한식,"갈비살,살치살",한우가,"강원특별자치도 춘천시 스무숲3길 18, 1.2동 1층 (석사동)",2014-12-09
85,강원특별자치도,춘천시,한식,닭갈비,항아리닭갈비막국수,강원특별자치도 춘천시 신북읍 신샘밭로 487,2007-06-01
86,강원특별자치도,춘천시,한식,생삼겹살,해미담,강원특별자치도 춘천시 효자로24번길 12 (퇴계동),2007-06-01
87,강원특별자치도,춘천시,한식,"모듬육회, 육회비빔밥",형제육회,"강원특별자치도 춘천시 스무숲길 34, 1층 (석사동)",2019-10-31
88,강원특별자치도,춘천시,한식,소갈비살,호반한우구운교점,"강원특별자치도 춘천시 우묵길56번길 8, 1층 (퇴계동)",2016-11-28
89,강원특별자치도,춘천시,한식,"등심,소갈비살",황가네,"강원특별자치도 춘천시 충혼길5번길 9-1 (퇴계동, 1층)",2011-12-01
90,강원특별자치도,춘천시,한식,한정식,황토집,"강원특별자치도 춘천시 벌말길 54-1, 1층 (석사동)",2012-11-29
91,강원특별자치도,춘천시,한식,민물회,"회,장,메",강원특별자치도 춘천시 화목원길 21 (사농동),2007-06-01
92,강원특별자치도,춘천시,한식,황태구이,효자황태구이,"강원특별자치도 춘천시 남춘로51번길 15-1 (효자동, 1~2층)",2011-12-01
93,강원특별자치도,춘천시,중식,"짬뽕,탕수육",이비가짬뽕춘천점,"강원특별자치도 춘천시 영서로 2652, 2층 (근화동)",2015-11-23
94,강원특별자치도,춘천시,중식,"탕수육, 자장면",중화루,"강원특별자치도 춘천시 둥지길 5-17, 2,3층 (효자동)",2016-11-28
95,강원특별자치도,춘천시,중국식,"자장면,탕수육",쟈스민,"강원특별자치도 춘천시 우묵길74번길 14, 1,2,3층 (퇴계동)",2007-06-01
96,강원특별자치도,춘천시,일식,회코스,누보,"강원특별자치도 춘천시 퇴계로 13, 3층 (퇴계동)",2016-11-28
97,강원특별자치도,춘천시,일식,회정식,동경,"강원특별자치도 춘천시 공지로 149, 3층 (석사동, 동진빌딩)",2016-11-28
98,강원특별자치도,춘천시,일식,"모듬회, 광어회",마을회관,"강원특별자치도 춘천시 후석로344번길 3, 1층 (후평동)",2022-10-26
99,강원특별자치도,춘천시,일식,"정식,생선회",만강,강원특별자치도 춘천시 동내면 외솔길19번길 61,2011-12-01
100,강원특별자치도,춘천시,일식,일식,청키스시,"강원특별자치도 춘천시 보안길 19, 1층 (후평동)",2021-10-18
101,강원특별자치도,춘천시,일식,"정식,생선회,초밥",해미연풍우가,"강원특별자치도 춘천시 퇴계농공로 14 (석사동, 2층)",2011-12-01
102,강원특별자치도,춘천시,"양식,한식","돈까스,뼈다귀해장국",돈까스와 뼈다귀,강원특별자치도 춘천시 충열로 282 (우두동),2012-11-29
103,강원특별자치도,춘천시,양식,경양식전문점,델모니코스,"강원특별자치도 춘천시 동면 순환대로 1154-106, 1~2층",2012-11-29
104,강원특별자치도,춘천시,양식,돈가스,돈까스클럽춘천점,강원특별자치도 춘천시 춘천로 429 (후평동),2012-11-29
105,강원특별자치도,춘천시,양식,퓨전 레스토랑,아보카도,"강원특별자치도 춘천시 약사고개길50번길 25, 2층 (약사동)",2023-10-30
106,강원특별자치도,춘천시,양식,양식,함지,강원특별자치도 춘천시 중앙로 101 (중앙로3가),2007-06-01
107,강원특별자치도,춘천시,뷔페식,뷔페,호반,"강원특별자치도 춘천시 스포츠타운길 376, 1층 (삼천동)",2007-06-01
108,강원특별자치도,원주시,경양식,스테이크,(유)아웃백스테이크하우스코리아(원주점),"강원특별자치도 원주시 시청로 27, 지상2층 (무실동)",2007-12-05
109,강원특별자치도,원주시,한식,한식,(주)위더스파크밸리레스토랑,"강원특별자치도 원주시 소초면 바우실길 281, 2층",2007-07-10
110,강원특별자치도,원주시,한식,보쌈,(주)항아리보쌈돌돌이김치본점,"강원특별자치도 원주시 서원대로 121-7 (단계동,(1층))",2015-05-22
111,강원특별자치도,원주시,한식,장어,가람숯불장어,강원특별자치도 원주시 판부면 서곡널다리길 20 (외1필지),2010-06-24
112,강원특별자치도,원주시,한식,막국수,간현막국수,"강원특별자치도 원주시 지정면 간현로 174, 1,2층",2021-06-10
113,강원특별자치도,원주시,경양식,"돈까스,소바",개코네돈까스,"강원특별자치도 원주시 남원로469번길 7-9, 1층 (명륜동)",2021-06-10
114,강원특별자치도,원주시,한식,갈비살,거복,강원특별자치도 원주시 천매봉길 145 (단구동),2007-12-05
115,강원특별자치도,원주시,한식,생선회,거진항코다리,"강원특별자치도 원주시 천사로 23-13, 1층 (단계동)",2014-05-21
116,강원특별자치도,원주시,식육(숯불구이),삼겹살,고기로1-1,"강원특별자치도 원주시 버들만이길 1-1, 1층 일부호 (반곡동)",2021-06-10
117,강원특별자치도,원주시,한식,한식,고려원사랑채,"강원특별자치도 원주시 행가리1길 14, 지상1층 (무실동, 외3필지 1 )",2017-06-01
118,강원특별자치도,원주시,한식,갈비,고미담,"강원특별자치도 원주시 황금로 5 (반곡동, B103호,B104호,B105호)",2020-06-02
119,강원특별자치도,원주시,한식,한우구이,고향한우촌,"강원특별자치도 원주시 흥업면 북원로 1819, 1층",2007-07-10
120,강원특별자치도,원주시,한식,"능이삼계탕, 능이백숙",곰의집,"강원특별자치도 원주시 원문로 350, 1층 (단계동)",2023-06-16
121,강원특별자치도,원주시,한식,불고기,광릉불고기,강원특별자치도 원주시 북원로 2577 (우산동),2010-12-07
122,강원특별자치도,원주시,한식,"닭,오리백숙",궁중누룽지백숙,강원특별자치도 원주시 판부면 치악로 966,2014-11-03
123,강원특별자치도,원주시,한식,양푼소갈비찜,금성식당(본점),"강원특별자치도 원주시 중앙로 28 (인동,(1층))",2012-11-27
124,강원특별자치도,원주시,한식,추어탕,김가네원주추어탕,"강원특별자치도 원주시 단관공원길 90-3 (단구동, 1층)",2010-06-24
125,강원특별자치도,원주시,한식,김치찌개,김치뚝딱,강원특별자치도 원주시 섬밭들1길 26 (무실동),2008-06-23
126,강원특별자치도,원주시,한식,낙지볶음,누나네낙지,"강원특별자치도 원주시 봄마중길 35 (반곡동, 1층)",2017-06-01
127,강원특별자치도,원주시,한식,"갈비,등심",늘봄공원,강원특별자치도 원주시 고문골길 105 (행구동),2000-06-15
128,강원특별자치도,원주시,한식,감자탕,대관령감자탕,강원특별자치도 원주시 문막읍 왕건로 37-6,2007-12-05
129,강원특별자치도,원주시,중국식,중화요리,대보짬뽕공화국,강원특별자치도 원주시 상지대길 36 (우산동),2022-06-24
130,강원특별자치도,원주시,한식,닭갈비,대영닭갈비,강원특별자치도 원주시 섬밭들1길 18-2 (무실동),2020-06-02
131,강원특별자치도,원주시,뷔페식,뷔페,더클래식앤,"강원특별자치도 원주시 서원대로 121-1, 7층 (단계동)",2019-11-01
132,강원특별자치도,원주시,한식,뼈해장국,도도레시피뼈해장국원주무실점,"강원특별자치도 원주시 만대공원길 16, 1층 (무실동)",2023-06-16
133,강원특별자치도,원주시,한식,순대국밥,돈덕한흥업순대,강원특별자치도 원주시 송림길 25 (개운동),2007-12-05
134,강원특별자치도,원주시,횟집,참치,동신참치원주점,"강원특별자치도 원주시 장미공원길 16 (단계동,,1층)",2012-07-24
135,강원특별자치도,원주시,한식,"막국수, 편육",동해막국수,강원특별자치도 원주시 원문로 37 (학성동),2009-06-03
136,강원특별자치도,원주시,한식,분식뷔페,두끼떡볶이(원주무실점),"강원특별자치도 원주시 능라동길 30, 지상2층 206호 (무실동)",2018-05-15
137,강원특별자치도,원주시,한식,"쌈밥,한우",들꽃가든,"강원특별자치도 원주시 지정면 월송석화로 488, 제2동, 제3동 지상1층",2020-06-02
138,강원특별자치도,원주시,경양식,"파스타,스테이크",라라코스트원주기업도시점,"강원특별자치도 원주시 지정면 무릉로 35-1, 2층 205,206,207호",2021-06-10
139,강원특별자치도,원주시,한식,칼국수,만나칼국수,강원특별자치도 원주시 모래내길 47-1 (단계동),2009-06-03
140,강원특별자치도,원주시,한식,감자탕,머구소감자탕갈비탕,"강원특별자치도 원주시 동부순환로 297 (행구동,(1~2층))",2012-07-24
141,강원특별자치도,원주시,한식,감자탕,먹거리감자탕,강원특별자치도 원주시 단관길 67-5 (단구동),2009-06-03
142,강원특별자치도,원주시,식육(숯불구이),철판쭈꾸미,먹빵쭈꾸미,"강원특별자치도 원주시 지정면 신지정로 205, 1층",2021-06-10
143,강원특별자치도,원주시,한식,막국수,메밀꽃막국수,강원특별자치도 원주시 문막읍 건등로 22,2013-10-31
144,강원특별자치도,원주시,한식,순대국밥,명가토종순대국,"강원특별자치도 원주시 건강로 31, 5층 503호 (반곡동)",2023-06-16
145,강원특별자치도,원주시,한식,돼지갈비,명동숯불갈비,강원특별자치도 원주시 남원로 492-2 (단구동),2016-06-02
146,강원특별자치도,원주시,한식,한정식,무궁화집,강원특별자치도 원주시 중평길 59 (평원동),1999-08-03
147,강원특별자치도,원주시,기타,"피자, 파스타",무튼원주본점,"강원특별자치도 원주시 지정면 월송석화로 428-10, 1층",2023-06-16
148,강원특별자치도,원주시,한식,국밥,문막(하)휴게소한식미담,강원특별자치도 원주시 문막읍 원문로 1234 (문막(하)휴게소가동),2007-12-05
149,강원특별자치도,원주시,분식,"고기, 갈비탕",문막골,"강원특별자치도 원주시 문막읍 왕건로 22, 1층",2013-05-01
150,강원특별자치도,원주시,식육(숯불구이),"소갈비, 돼지갈비, 두부요리",문막일송정,"강원특별자치도 원주시 문막읍 원문로 1734-20, 1층",2020-06-02
151,강원특별자치도,원주시,일식,"참치,초밥",미가스시,"강원특별자치도 원주시 장미공원길 65, 1층 (단계동)",2014-11-03
152,강원특별자치도,원주시,한식,곰탕,미소곰탕,"강원특별자치도 원주시 나비허리길 120-15, 1층 (관설동)",2021-06-10
153,강원특별자치도,원주시,한식,참치회,미소참치회,"강원특별자치도 원주시 천사로 16-3, 1층 (단계동)",2019-06-18
154,강원특별자치도,원주시,한식,한정식,미향,강원특별자치도 원주시 장미공원길 16 (단계동),2011-12-05
155,강원특별자치도,원주시,한식,"곤드레밥, 찜닭",민생회관,"강원특별자치도 원주시 중앙로 46, 1층 (중앙동)",2022-11-24
156,강원특별자치도,원주시,횟집,생선회,바다회명가해원,"강원특별자치도 원주시 양지로 64, 3,4층 (반곡동)",2021-06-10
157,강원특별자치도,원주시,한식,코다리조림,바른코다리원주본점,"강원특별자치도 원주시 서원대로86번길 33-2, 1층 (단계동)",2022-11-24
158,강원특별자치도,원주시,한식,삼계탕,밤골식당,"강원특별자치도 원주시 흥업면 북원로 1608, 지상1,2층",2006-10-27
159,강원특별자치도,원주시,한식,"한우,돼지갈비,냉면",백산숯불갈비,"강원특별자치도 원주시 토지길 55 (단구동, 1650-7,1650-8)",2008-06-23
160,강원특별자치도,원주시,호프/통닭,소고기,백정투플러스,"강원특별자치도 원주시 남원로 530, 2층 (단구동)",2019-06-18
161,강원특별자치도,원주시,한식,황태.더덕구이정식,본가장수촌,강원특별자치도 원주시 운곡로 154 (행구동),2016-06-02
162,강원특별자치도,원주시,한식,"감자탕, 뼈찜",본장금이감자탕,"강원특별자치도 원주시 봄마중길 19, 1층 (반곡동)",2022-11-24
163,강원특별자치도,원주시,중국식,자장면,봉선루,"강원특별자치도 원주시 행구로 259, 1층 (행구동)",2010-06-24
164,강원특별자치도,원주시,한식,설렁탕,봉화산설렁탕전문점,강원특별자치도 원주시 장미공원길 71-2 (단계동),2008-06-23
165,강원특별자치도,원주시,한식,"오리로스, 오리진흙구이",봉화산유황오리숯불구이,강원특별자치도 원주시 서원대로 86 (단계동),2023-06-16
166,강원특별자치도,원주시,한식,부대찌개,부대찌개마을,강원특별자치도 원주시 라옹정길 62-9 (관설동),2019-06-18
167,강원특별자치도,원주시,한식,생선구이,부산자갈치 생선구이,"강원특별자치도 원주시 판부면 매봉길 42-12, 1층",2019-11-01
168,강원특별자치도,원주시,일식,모듬회,부산횟집,강원특별자치도 원주시 만대공원길 56 (무실동),2011-12-05
169,강원특별자치도,원주시,한식,뼈짬뽕,뼈대있는짬뽕,"강원특별자치도 원주시 삼광1길 10, 1층 (봉산동)",2023-06-16
170,강원특별자치도,원주시,한식,막국수,산야초밥상,강원특별자치도 원주시 소초면 치악로 2367-2,2010-06-24
171,강원특별자치도,원주시,한식,"막국수,수육",삼교리동치미막국수,강원특별자치도 원주시 북원로 1843 (무실동),2010-12-07
172,강원특별자치도,원주시,한식,보쌈,상훈집,강원특별자치도 원주시 무실로12번길 13 (일산동),2009-06-03
173,강원특별자치도,원주시,한식,"샤브샤브, 칼국수",샤브향,"강원특별자치도 원주시 만대로 16 (무실동,외3필지(423-10,423-12,436-5))",2013-10-31
174,강원특별자치도,원주시,한식,염소요리,서강염소탕한우갈비살,강원특별자치도 원주시 남원로469번길 11 (명륜동),2001-12-24
175,강원특별자치도,원주시,중국식,짬뽕,서곡짬뽕,"강원특별자치도 원주시 판부면 백운정길 1, 지상1층",2019-11-01
176,강원특별자치도,원주시,한식,부대찌개,서우부대찌개,강원특별자치도 원주시 섭재삼보길 248 (반곡동),2017-06-01
177,강원특별자치도,원주시,한식,"두부찌개, 두부전골",선비촌손두부3호점,"강원특별자치도 원주시 문막읍 원문로 2000, 1동 101호",2022-11-24
178,강원특별자치도,원주시,한식,삼계탕,선화전복삼계탕선화닭갈비,"강원특별자치도 원주시 만대공원길 7 (무실동,(1층))",2020-06-02
179,강원특별자치도,원주시,한식,돼지갈비,설악숯불갈비분점,"강원특별자치도 원주시 천매봉길 77 (단구동, 1층)",2017-06-01
180,강원특별자치도,원주시,한식,냉면,설원칡냉면(단관점),강원특별자치도 원주시 나비허리길 120-17 (관설동),2019-06-18
181,강원특별자치도,원주시,식육(숯불구이),"한우, 한정식",섬강한우촌,강원특별자치도 원주시 지정면 구재로 16,2013-05-01
182,강원특별자치도,원주시,한식,낚지볶음,세자매낙지,"강원특별자치도 원주시 중앙로 65, 지상1층 (중앙동)",2023-10-19
183,강원특별자치도,원주시,한식,영양돌솥밥,소담(본점),강원특별자치도 원주시 소초면 하황골길 45-17 (외12필지(원주관광농원1)),2016-06-02
184,강원특별자치도,원주시,한식,"월남쌈,샤브샤브",소담촌,"강원특별자치도 원주시 능라동길 47, 3층 304,305,306호 (무실동)",2021-06-10
185,강원특별자치도,원주시,한식,불고기뚝배기,소반,강원특별자치도 원주시 문막읍 귀문로 1360 (외1필지),2021-06-10
186,강원특별자치도,원주시,한식,"한우, 돼지갈비",소오,"강원특별자치도 원주시 삼광2길 19, 1층 (봉산동)",2020-06-02
187,강원특별자치도,원주시,한식,추어탕,소초장터추어탕,"강원특별자치도 원주시 금불3길 17-2, 1층 (단계동)",2023-06-16
188,강원특별자치도,원주시,한식,고기구이,소하소,"강원특별자치도 원주시 늘품로 193 (반곡동,외1필지)",2014-05-21
189,강원특별자치도,원주시,한식,생대구탕,속초어시장,강원특별자치도 원주시 토지길 11 (단구동),2019-06-18
190,강원특별자치도,원주시,한식,수제두부요리,송정(본점),"강원특별자치도 원주시 송삼길 24, 1층 (무실동)",2023-06-16
191,강원특별자치도,원주시,한식,부대찌개,송탄부대찌개,강원특별자치도 원주시 문막읍 왕건로 33,2020-06-02
192,강원특별자치도,원주시,한식,부대찌개,송탄부대찌개단계본점,강원특별자치도 원주시 천사로 16-4 (단계동),2014-11-03
193,강원특별자치도,원주시,한식,"등심,돼지갈비,삼겹살",솥돌마루,강원특별자치도 원주시 문막읍 동화택지길 3-23,2004-09-21
194,강원특별자치도,원주시,횟집,회,싱싱바다회,"강원특별자치도 원주시 토지길 59-6, 1층 (단구동)",2018-05-15
195,강원특별자치도,원주시,한식,한식,아다미(단계점),강원특별자치도 원주시 서원대로 176 (단계동),2013-10-31
196,강원특별자치도,원주시,한식,삼계탕,아름삼계탕,"강원특별자치도 원주시 중평길 78, 1층 (평원동)",2020-06-02
197,강원특별자치도,원주시,일식,"돈가스,소바",안432,"강원특별자치도 원주시 버들만이길 12, 1층 102,103호 (반곡동)",2021-06-10
198,강원특별자치도,원주시,중국식,중국식,안동반점,"강원특별자치도 원주시 중앙로 52, 지상1층 (중앙동)",2009-06-03
199,강원특별자치도,원주시,한식,한식,안동본가국밥원주혁신점,"강원특별자치도 원주시 황금로 11 (반곡동, 201호)",2019-11-01
200,강원특별자치도,원주시,한식,"등심,갈비",양반네,강원특별자치도 원주시 장미공원길 47-12 (단계동),2006-10-27
201,강원특별자치도,원주시,한식,"막국수, 어탕칼국수",연화동막국수,"강원특별자치도 원주시 문막읍 문막공단길 298, 1층",2022-11-24
202,강원특별자치도,원주시,한식,삼겹살,연희숯불구이,"강원특별자치도 원주시 섬밭들2길 5 (무실동, 1층)",2009-06-03
203,강원특별자치도,원주시,한식,염소탕,염소마을,강원특별자치도 원주시 금불1길 46 (단계동),2023-06-16
204,강원특별자치도,원주시,기타,염소고기,염소자리,"강원특별자치도 원주시 서원대로 121-9, 1층 (단계동)",2019-11-01
205,강원특별자치도,원주시,한식,한우구이,옛고려정,강원특별자치도 원주시 치악로 1593 (단구동),2007-12-05
206,강원특별자치도,원주시,한식,한식,옛골,강원특별자치도 원주시 지정면 가곡평장길 5,2010-12-07
207,강원특별자치도,원주시,한식,"오리전골,토종닭",옛골가든,강원특별자치도 원주시 문막읍 귀문로 1375,1999-08-03
208,강원특별자치도,원주시,한식,"삼겹살,갈비",옛터숯불갈비,강원특별자치도 원주시 북원로2507번길 31 (우산동),2000-06-15
209,강원특별자치도,원주시,한식,손두부찌개,오가네손두부막국수코끼리핫도그,"강원특별자치도 원주시 지정면 소금산길 36, 1층",2019-11-01
210,강원특별자치도,원주시,한식,산채정식,오대산산채정식,강원특별자치도 원주시 남산로 105 (일산동),1999-08-03
211,강원특별자치도,원주시,한식,막국수,오색막국수,강원특별자치도 원주시 흥양로 92 (태장동),1999-08-03
212,강원특별자치도,원주시,한식,닭갈비,오학닭갈비,"강원특별자치도 원주시 무실로 31-1, 지상1층 (일산동)",2022-11-24
213,강원특별자치도,원주시,횟집,송어회,오향골송어,"강원특별자치도 원주시 못골길 127 (행구동,1동)",2013-10-31
214,강원특별자치도,원주시,기타,막국수,올레막국수,강원특별자치도 원주시 소초면 평장동길 86-5,2021-06-10
215,강원특별자치도,원주시,횟집,참치회,와사비횟집,"강원특별자치도 원주시 단구로 354-27, 1층 (단구동)",2008-06-23
216,강원특별자치도,원주시,식육(숯불구이),한우구이,우담,"강원특별자치도 원주시 능라동길 47, 401호 (무실동)",2015-05-22
217,강원특별자치도,원주시,한식,한우,우리소,강원특별자치도 원주시 지정면 소금산길 14 (외1필지),2009-06-03
218,강원특별자치도,원주시,한식,"숯불구이, 한우구이",우성정육점숯불구이,강원특별자치도 원주시 남원로 528-17 (단구동),2008-11-18
219,강원특별자치도,원주시,한식,토속음식,운채,강원특별자치도 원주시 고문골길 47 (행구동),2000-06-15
220,강원특별자치도,원주시,한식,소고기,운채소고기세번째이야기,"강원특별자치도 원주시 고문골길 48 (행구동,(1층))",2019-11-01
221,강원특별자치도,원주시,한식,"오리쌈밥, 버섯전골, 제육쌈밥",울렁다리카페식당,"강원특별자치도 원주시 지정면 장지길 125-15, 1층",2022-11-24
222,강원특별자치도,원주시,한식,추어탕,원조남원추어탕,"강원특별자치도 원주시 치악로 1626-11 (단구동, 185-26,185-27)",2007-07-10
223,강원특별자치도,원주시,한식,추어탕,원주복추어탕,"강원특별자치도 원주시 치악로 1748 (개운동, 406-13,14)",2005-07-25
224,강원특별자치도,원주시,한식,"해장국, 내장탕",원주양평해장국,"강원특별자치도 원주시 서원대로 154-2, 1층 (단계동)",2023-10-19
225,강원특별자치도,원주시,식육(숯불구이),"추어탕,한우",원주엄니추어탕 우리한우,"강원특별자치도 원주시 남산로 101, 지상1층 (일산동)",2021-06-10
226,강원특별자치도,원주시,한식,"족발,보쌈",원주족발맛집,"강원특별자치도 원주시 남원로442번길 26, 1층 좌측상가호 (단구동)",2020-06-02
227,강원특별자치도,원주시,한식,한식,월송정,강원특별자치도 원주시 지정면 신평석화로 236,2007-07-10
228,강원특별자치도,원주시,한식,돼지고기,육즙가득한고깃집원주직영점,"강원특별자치도 원주시 천사로 16-4, 1층 (단계동)",2022-11-24
229,강원특별자치도,원주시,한식,냉면,윤가냉면,강원특별자치도 원주시 판부면 매봉길 16-13,2010-06-24
230,강원특별자치도,원주시,기타,돼지갈비,윤가네숯불구이,강원특별자치도 원주시 태장둔치길 23 (태장동),2022-11-24
231,강원특별자치도,원주시,한식,"샤브샤브,칼국수",이레버섯샤브칼국수,"강원특별자치도 원주시 중앙로 61, 지상1층 (중앙동)",2012-07-24
232,강원특별자치도,원주시,한식,만두전골,이씨손만두전골,"강원특별자치도 원주시 양지뜰4길 6-1, 1층 (반곡동)",2022-11-24
233,강원특별자치도,원주시,통닭(치킨),찜닭,일미리금계찜닭,강원특별자치도 원주시 장미공원길 90 (단계동),2014-11-03
234,강원특별자치도,원주시,식육(숯불구이),삼겹살,일미삼겹살원주혁신도시점,"강원특별자치도 원주시 양지뜰1길 28, 1층 (반곡동)",2021-06-10
235,강원특별자치도,원주시,한식,장어,일미풍천장어,"강원특별자치도 원주시 단관길 57, 1층 (단구동)",2019-11-01
236,강원특별자치도,원주시,한식,"감자탕,뼈찜",일호감자탕(봉화산점),강원특별자치도 원주시 백간공원길 25 (단계동),2021-06-10
237,강원특별자치도,원주시,뷔페식,쌀보리밥부페,임꺽정쌀보리밥부페,"강원특별자치도 원주시 일산로 29 (일산동, 외2필지)",2006-12-01
238,강원특별자치도,원주시,한식,돈까스,자감촌부엌,"강원특별자치도 원주시 흥업면 사제로 87-1, 1층",2017-06-01
239,강원특별자치도,원주시,중국식,중화요리,자스민,"강원특별자치도 원주시 섬밭들2길 20-1, 1층 (무실동)",2010-12-07
240,강원특별자치도,원주시,한식,보리밥,장가네보리밥,강원특별자치도 원주시 행구로 333 (행구동),2008-11-18
241,강원특별자치도,원주시,한식,고기 구이류,장군본가,강원특별자치도 원주시 행구로 53 (개운동),2012-11-27
242,강원특별자치도,원주시,기타,족발,장인족발무실점,강원특별자치도 원주시 만대로 177 (무실동),2019-06-18
243,강원특별자치도,원주시,중국식,짜장면,쟈스민(관설점),"강원특별자치도 원주시 나비허리길 151, 지상1층 (관설동)",2017-06-01
244,강원특별자치도,원주시,한식,콩나물국밥,정담콩나물국밥단계점,"강원특별자치도 원주시 봉화로 12, 지상1층 (단계동)",2016-06-02
245,강원특별자치도,원주시,한식,"갈비,등심",제주본가,강원특별자치도 원주시 소초면 흥양로 240,2006-10-27
246,강원특별자치도,원주시,중국식,탕수육,중화문,"강원특별자치도 원주시 로아노크로 8 (단계동, (지하))",2014-05-14
247,강원특별자치도,원주시,한식,"막국수,편육",지박사막국수(무실점),강원특별자치도 원주시 지니기길 11 (무실동),2010-12-07
248,강원특별자치도,원주시,한식,더덕백반,진골가든,강원특별자치도 원주시 소초면 구룡사로 110,2012-11-27
249,강원특별자치도,원주시,통닭(치킨),치킨,진미양념통닭,강원특별자치도 원주시 우산로 66 (우산동),2022-06-24
250,강원특별자치도,원주시,한식,오리구이,진송오리,"강원특별자치도 원주시 소초면 황골로 194-6, 가동 지상1층",2015-05-22
251,강원특별자치도,원주시,한식,돼지고기,참숯골,강원특별자치도 원주시 장미공원길 67 (단계동),2009-06-03
252,강원특별자치도,원주시,한식,민물장어,참숯불장어마을,강원특별자치도 원주시 단관길 141 (관설동),2019-06-18
253,강원특별자치도,원주시,한식,"막국수, 족발",천매막국수어사또왕족발보쌈,강원특별자치도 원주시 판부면 매봉길 49,2009-06-03
254,강원특별자치도,원주시,한식,냉면,천진함흥냉면,강원특별자치도 원주시 원문로 126 (단계동),2000-06-15
255,강원특별자치도,원주시,식육(숯불구이),돼지고기,청담생고기,"강원특별자치도 원주시 능라동길 9, 1층 (무실동)",2020-06-02
256,강원특별자치도,원주시,한식,설렁탕,청담설렁탕,"강원특별자치도 원주시 단관길 131, 1층 (관설동)",2022-11-24
257,강원특별자치도,원주시,한식,순대국밥,청정고을순대(태장점),강원특별자치도 원주시 북원로2704번길 55 (태장동),2007-12-05
258,강원특별자치도,원주시,한식,"순대,곱창",청정고을순대큰집,"강원특별자치도 원주시 토지길 26 (단구동, 1631-13,14)",2007-07-10
259,강원특별자치도,원주시,탕류(보신용),염소탕,초록염소탕,"강원특별자치도 원주시 흥양로 78-1, 1층 (태장동)",2020-06-02
260,강원특별자치도,원주시,한식,순대,총두순대,강원특별자치도 원주시 이화6길 20 (단계동),2021-06-10
261,강원특별자치도,원주시,냉면집,보쌈,최강원주보쌈,"강원특별자치도 원주시 흥양로51번길 110, 1층 (태장동)",2023-10-19
262,강원특별자치도,원주시,한식,닭갈비,춘천우미닭갈비,"강원특별자치도 원주시 치악고교길 30-7 (관설동, 외1필지)",2009-06-03
263,강원특별자치도,원주시,한식,닭갈비,춘천호반닭갈비,"강원특별자치도 원주시 만대공원길 24-3 (무실동, 1층)",2023-10-19
264,강원특별자치도,원주시,한식,쌈밥,치악골(단관점),"강원특별자치도 원주시 치악고교길 25-3, 1층 (관설동)",2011-06-14
265,강원특별자치도,원주시,한식,칡국수,칡산에(칡山에),강원특별자치도 원주시 금불4길 25-5 (단계동),2007-12-05
266,강원특별자치도,원주시,경양식,양식,카페553원주본점,"강원특별자치도 원주시 꽃밭머리길 86-17, 1층 (행구동)",2013-10-31
267,강원특별자치도,원주시,한식,"우동, 돈까스 등","케이아이에스정보통신(주)원주(부산방향)휴게소(우동,양식,라면)",강원특별자치도 원주시 호저면 마근거리길 120 (외8필지),2023-06-16
268,강원특별자치도,원주시,한식,"족발,국수",콧등치기,강원특별자치도 원주시 남산로 110 (일산동),2011-12-05
269,강원특별자치도,원주시,한식,닭도리탕,큰곰,강원특별자치도 원주시 판부면 영원산성길 46,2014-05-21
270,강원특별자치도,원주시,한식,삼겹살,큰손생삼겹살,강원특별자치도 원주시 단구로 76-2 (단계동),2020-06-02
271,강원특별자치도,원주시,기타,회,킨쇼,"강원특별자치도 원주시 금불4길 28, 1층 (단계동)",2019-06-18
272,강원특별자치도,원주시,한식,막국수,태기산막국수,강원특별자치도 원주시 소초면 장수1로 301,2003-02-15
273,강원특별자치도,원주시,한식,돼지갈비,태능솔밭갈비,강원특별자치도 원주시 북원상가길 6 (태장동),2020-06-02
274,강원특별자치도,원주시,한식,등심,토우,"강원특별자치도 원주시 토지길 83 (단구동, 외1필지)",2007-07-10
275,강원특별자치도,원주시,한식,오리고기,통나무오리,강원특별자치도 원주시 흥업면 안밤골길 11,2020-06-02
276,강원특별자치도,원주시,횟집,송어회,평창송어,강원특별자치도 원주시 운곡로 152 (행구동),2012-07-24
277,강원특별자치도,원주시,기타,스테이크,푸실,"강원특별자치도 원주시 흥업면 자재기길 46-2, 지상1층",2018-05-15
278,강원특별자치도,원주시,횟집,송어회,한가터송어회,"강원특별자치도 원주시 한가터길 122 (반곡동, 1층)",2014-11-04
279,강원특별자치도,원주시,한식,뷔폐,한식뷔페원미,"강원특별자치도 원주시 단관길 67-30, 1층 (단구동)",2013-10-31
280,강원특별자치도,원주시,한식,백반,함지박무실점,강원특별자치도 원주시 봉바위길 3-1 (무실동),2018-05-15
281,강원특별자치도,원주시,한식,보쌈,항아리보쌈돌돌이김치혁신점,"강원특별자치도 원주시 혁신로 61, 2층 (반곡동, 203,204호)",2021-06-10
282,강원특별자치도,원주시,한식,해물탕,해송,"강원특별자치도 원주시 판부면 내도매길 96, 1층",2013-05-01
283,강원특별자치도,원주시,한식,"해물탕, 해물찜",해아름,"강원특별자치도 원주시 남원로442번길 1, 1층 (단구동)",2022-06-24
284,강원특별자치도,원주시,식육(숯불구이),우동,행복한우동가게단계점,"강원특별자치도 원주시 천사로 12, 101,102호 (단계동)",2020-06-02
285,강원특별자치도,원주시,한식,막국수,향교막국수,"강원특별자치도 원주시 명륜로 10, A동 1층 (명륜동)",2019-06-18
286,강원특별자치도,원주시,한식," 소,돼지갈비",현대숯불갈비,강원특별자치도 원주시 장미공원길 43-4 (단계동),1999-08-03
287,강원특별자치도,원주시,한식,곰탕,형제곰탕,강원특별자치도 원주시 천사로 14-2 (단계동),2008-11-18
288,강원특별자치도,원주시,경양식,"소갈비살, 소고기",홍석정원,"강원특별자치도 원주시 북원로 2235-12, 2층 (단계동)",2023-06-16
289,강원특별자치도,원주시,한식,한우구이,황금목장,"강원특별자치도 원주시 영랑길 22, 2층 (행구동)",2015-05-22
290,강원특별자치도,원주시,한식,순두부,황토우렁쌈밥전문점,강원특별자치도 원주시 흥업면 사제로 50-3,2008-06-23
291,강원특별자치도,원주시,한식,닭갈비,효춘천닭갈비(무실점),"강원특별자치도 원주시 만대공원길 5, 지상1층 (무실동)",2022-11-24
292,강원특별자치도,원주시,한식,닭갈비,효춘천닭갈비(태장점),강원특별자치도 원주시 흥양로51번길 9 (태장동),2022-06-24
293,강원특별자치도,원주시,한식,닭갈비,효춘천닭갈비본점,"강원특별자치도 원주시 바우골길 12, 1층 (단계동)",2020-06-02
294,강원특별자치도,원주시,한식,돼지고기,흑돼지삼백식당원주본점,"강원특별자치도 원주시 양지로 10, 2층 (반곡동, 201,202,203호)",2023-06-16
295,강원특별자치도,원주시,횟집,송어회,흥양송어횟집,"강원특별자치도 원주시 소초면 치악로 2382, 지상1층",2017-06-01
296,강원특별자치도,원주시,한식,묵,흥업묵집,강원특별자치도 원주시 흥업면 남원로 29-3,2009-06-03
297,강원특별자치도,강릉,한식,"불고기, 막국수",우석정,강원특별자치도 강릉시 강동면 시동서당길 113,2018-10-02
298,강원특별자치도,강릉,식육,식육(숯불구이),허허사랑,강원특별자치도 강릉시 위촌길 29 (홍제동),2012-11-26
299,강원특별자치도,강릉,식육,오리전골,본터웰빙산채오리,강원특별자치도 강릉시 범일로 457 (내곡동),2011-05-17
300,강원특별자치도,강릉,일식,"모듬회, 매운탕",머구리횟집,강원특별자치도 강릉시 창해로 19 (견소동),2008-04-23
301,강원특별자치도,강릉,한식,국밥,강릉뚝배기,강원특별자치도 강릉시 남부로 5 (내곡동),2014-06-18
302,강원특별자치도,강릉,일식,"모듬회, 매운탕",강문어화횟집,강원특별자치도 강릉시 창해로 348 (강문동),2009-04-23
303,강원특별자치도,강릉,한식,죽,본죽포남점,강원특별자치도 강릉시 하평길 28 (포남동),2019-12-18
304,강원특별자치도,강릉,한식,염소탕,만억정흑염소,"강원특별자치도 강릉시 솔올로 65, 2층 (교동)",2018-10-02
305,강원특별자치도,강릉,한식,죽,본죽유천점,"강원특별자치도 강릉시 선수촌로63번길 18-15, 푸르벨라 2차 1층 101호 (홍제동)",2019-12-18
306,강원특별자치도,강릉,한식,"국밥, 비빔밥류",KIS정보통신(주)강릉(강릉방향)휴게소놀부부대찌개,강원특별자치도 강릉시 성산면 영동고속도로 232,2016-08-16
307,강원특별자치도,강릉,양식,"스파케티,돈가스",포모도로,강원특별자치도 강릉시 궁골길 2 (회산동),2007-11-23
308,강원특별자치도,강릉,식육,한우구이,강원한우프라자,강원특별자치도 강릉시 교동광장로 11 (유천동),2014-06-18
309,강원특별자치도,강릉,한식,"닭갈비, 막국수",춘천수미닭갈비,강원특별자치도 강릉시 월대산로 60 (입암동),2013-11-13
310,강원특별자치도,강릉,일식,"모듬회, 매운탕",해송횟집,강원특별자치도 강릉시 창해로14번길 16 (견소동),2007-11-23
311,강원특별자치도,강릉,식육,돼지야채불고기,장군시오야끼포남직영점,강원특별자치도 강릉시 하평길 20 (포남동),2009-04-23
312,강원특별자치도,강릉,일식,참치요리,신라이사부독도참치,강원특별자치도 강릉시 솔올로 67 (교동),2013-07-05
313,강원특별자치도,강릉,일식,모듬회,건도리,강원특별자치도 강릉시 창해로 427 (강문동),2017-09-29
314,강원특별자치도,강릉,한식,한정식,동해관,강원특별자치도 강릉시 율곡로 3020 (교동),2013-11-13
315,강원특별자치도,강릉,경양식,"돈까스, 스파게티",툴스돈카츠강릉점,강원특별자치도 강릉시 율곡초교길43번길 13-1 (교동),2018-10-02
316,강원특별자치도,강릉,한식,한정식,고궁한정식,강원특별자치도 강릉시 중앙시장3길 15-3 (성남동),2017-09-29
317,강원특별자치도,강릉,일식,회(코스요리),기사문&강릉락강정,강원특별자치도 강릉시 정원로 78-22 (교동),2011-05-17
318,강원특별자치도,강릉,한식,"해계탕, 해물탕, 물회",해계머니,강원특별자치도 강릉시 옥천로 77 (교동),2015-11-17
319,강원특별자치도,강릉,한식,"꼬막비빔밥, 물회",연화마을,강원특별자치도 강릉시 강동면 풍호길 100-1,2016-04-26
320,강원특별자치도,강릉,일식,물회,진보양푼이물회,강원특별자치도 강릉시 사천면 진리해변길 67,2017-09-29
321,강원특별자치도,강릉,일식,"활어회, 매운탕",경포한미회대게,"강원특별자치도 강릉시 창해로 491, 1층 3호 (강문동)",1997-07-07
322,강원특별자치도,강릉,한식,막장전골,까막장이야기,강원특별자치도 강릉시 저동길 165 (저동),2016-12-28
323,강원특별자치도,강릉,일식,물회,강릉경포물회,강원특별자치도 강릉시 해안로 609 (안현동),2017-09-29
324,강원특별자치도,강릉,한식,전복삼계탕,김윤미전복삼계탕,강원특별자치도 강릉시 팔송길 6 (송정동),2010-04-20
325,강원특별자치도,강릉,식육,"갈비구이, 비빔밥",교동숯불갈비,강원특별자치도 강릉시 원대로 149 (교동),2017-07-13
326,강원특별자치도,강릉,식육,한우구이,명품횡성한우고집,강원특별자치도 강릉시 율곡초교길11번길 15 (교동),2017-09-29
327,강원특별자치도,강릉,식육,"흑염소탕,전골",동궁염소탕,강원특별자치도 강릉시 강릉대로419번길 17 (포남동),1997-07-07
328,강원특별자치도,강릉,일식,"생선회, 매운탕",사천포구,강원특별자치도 강릉시 사천면 진리항구길 35,2017-07-13
329,강원특별자치도,강릉,한식,"감자옹심이, 칼국수",감자바우식당,"강원특별자치도 강릉시 금성로35번길 4, 2층 (성남동)",2017-04-11
330,강원특별자치도,강릉,한식,"두부, 막국수",정은숙초당순두부(초당면옥),강원특별자치도 강릉시 난설헌로 200 (초당동),2008-04-23
331,강원특별자치도,강릉,식육,"월남쌈, 샤브샤브",쌈촌구이&샤브강릉점,강원특별자치도 강릉시 솔올로5번길 40-3 (교동),2012-06-12
332,강원특별자치도,강릉,한식,막국수,신리면옥강릉점,강원특별자치도 강릉시 하슬라로177번길 7 (교동),2014-12-01
333,강원특별자치도,강릉,식육,"장어구이, 양갈비",반구정참숯민물장어,강원특별자치도 강릉시 명륜로121번길 10 (포남동),2015-11-17
334,강원특별자치도,강릉,일식,"모듬회, 섭국",바다마을횟집,강원특별자치도 강릉시 강동면 정동등명길 23,2014-12-01
335,강원특별자치도,강릉,한식,"청국장,순두부,짬뽕순두부",동화가든원조짬순,강원특별자치도 강릉시 초당순두부길77번길 15 (초당동),1997-07-07
336,강원특별자치도,강릉,분식,"막국수,수육",딸부자막국수,강원특별자치도 강릉시 강동면 대동안길 17,1997-07-07
337,강원특별자치도,강릉,분식,"막국수,소머리국밥",노래곡막국수,강원특별자치도 강릉시 남부로 54-6 (내곡동),2005-10-21
338,강원특별자치도,강릉,분식,"막국수,수육",교항면옥,강원특별자치도 강릉시 주문진읍 연주로 263,2006-05-02
339,강원특별자치도,강릉,분식,"막국수,수육",연곡면옥,강원특별자치도 강릉시 연곡면 남평길 17,2007-07-20
340,강원특별자치도,강릉,일식,"모듬회, 매운탕",윌횟집,"강원특별자치도 강릉시 창해로 419 (강문동,외1필지)",2009-04-23
341,강원특별자치도,강릉,한식,"비빔밥,갈비탕,중식",강릉아산푸드코트,강원특별자치도 강릉시 사천면 방동길 38-1,2010-04-20
342,강원특별자치도,강릉,일식,"모듬회,물회",사천항주문진물회,강원특별자치도 강릉시 사천면 진리항구길 49,2010-04-20
343,강원특별자치도,강릉,한식,순대국,숲속집,강원특별자치도 강릉시 성산면 칠봉로 15-7,2011-05-19
344,강원특별자치도,강릉,식육,"왕갈비, 냉면",강남촌,강원특별자치도 강릉시 임영로 3 (노암동),2012-11-26
345,강원특별자치도,강릉,분식,"장칼국수, 두루치기",회산장칼국수,강원특별자치도 강릉시 토성로 65 (홍제동),2013-04-18
346,강원특별자치도,강릉,분식,막국수,이가네면옥,강원특별자치도 강릉시 하슬라로177번길 14 (교동),2014-12-01
347,강원특별자치도,강릉,분식,막국수,남산막국수,"강원특별자치도 강릉시 강변로 226, 1층 (노암동)",2015-04-27
348,강원특별자치도,강릉,한식,순두부정식,농촌순두부,강원특별자치도 강릉시 초당순두부길 108 (강문동),2015-04-27
349,강원특별자치도,강릉,한식,백반,산두꺼비식당,강원특별자치도 강릉시 남구길18번길 36 (포남동),2015-04-27
350,강원특별자치도,강릉,한식,월남쌈샤브,샤브향,강원특별자치도 강릉시 솔올로5번길 40-1 (교동),2015-11-17
351,강원특별자치도,강릉,한식,연잎정식,솔담,강원특별자치도 강릉시 저동골길 10 (저동),2015-04-27
352,강원특별자치도,강릉,한식,오리능이백숙,오채연,강원특별자치도 강릉시 성산면 칠봉로 26-45,2015-04-27
353,강원특별자치도,강릉,식육,소고기 모둠구이,이주환전통한우,강원특별자치도 강릉시 성산면 사임당로107번길 89,2015-11-17
354,강원특별자치도,강릉,한식,"산채정식,산채비빔밥",점봉산산채산나물천국,강원특별자치도 강릉시 난설헌로 168 (초당동),2015-04-27
355,강원특별자치도,강릉,한식,"짬뽕순두부,맷돌정식",초당맷돌순두부,강원특별자치도 강릉시 초당순두부길 75 (초당동),2015-11-17
356,강원특별자치도,강릉,분식,막국수,삼교리동치미막국수본점,강원특별자치도 강릉시 구정면 범일로 364,2016-08-16
357,강원특별자치도,강릉,식육,소고기구이,위촌리전통한우,강원특별자치도 강릉시 성산면 소목길 203-10,2016-04-26
358,강원특별자치도,강릉,식육,"고기구이, 갈비탕",유광회관1호점,강원특별자치도 강릉시 남부로212번길 13 (노암동),2016-04-26
359,강원특별자치도,강릉,한식,모듬회,강문가,"강원특별자치도 강릉시 경포로463번길 29, 1층 (안현동)",2017-04-11
360,강원특별자치도,강릉,한식,"수육, 냉면, 설렁탕",뚱보냉면,강원특별자치도 강릉시 토성로 156-2 (임당동),2017-07-13
361,강원특별자치도,강릉,한식,"감자옹심이, 감자적",만선감자옹심이,강원특별자치도 강릉시 공항길 46 (병산동),2017-04-11
362,강원특별자치도,강릉,일식,메밀국수(소바),오무라안,강원특별자치도 강릉시 성덕포남로188번길 27 (포남동),2017-09-29
363,강원특별자치도,강릉,한식,생선찜,원인숙고성생선찜,강원특별자치도 강릉시 성덕포남로 56 (입암동),2017-04-11
364,강원특별자치도,강릉,한식,육개장,육반장,강원특별자치도 강릉시 토성로 169 (임당동),2017-09-29
365,강원특별자치도,강릉,중식,"자장면, 탕수육",진마루차이나,강원특별자치도 강릉시 연곡면 영진3길 4,2017-09-29
366,강원특별자치도,강릉,한식,순두부,초당할머니순두부,강원특별자치도 강릉시 초당순두부길 77 (초당동),2017-09-29
367,강원특별자치도,강릉,양식,"스테이크, 파스타",미니크테이블,"강원특별자치도 강릉시 선수촌로63번길 34-8, 1층(홍제동)",2023-03-06
368,강원특별자치도,강릉,식육,한우,강릉한우타운,강원특별자치도 강릉시 창해로 283 (강문동),2023-03-06
369,강원특별자치도,강릉,한식,미역국,강릉한정식 하서주미역,"강원특별자치도 강릉시 난설헌로 73, 1층 (포남동)",2023-03-06
370,강원특별자치도,강릉,한식,물닭갈비,곱창전골명가도계물닭갈비,강원특별자치도 강릉시 성산면 구산길 92,2023-03-06
371,강원특별자치도,강릉,양식,"스테이크, 파스타",루웰스테이크하우스,"강원특별자치도 강릉시 난설헌로78번길 51, 1층 (포남동)",2023-03-06
372,강원특별자치도,강릉,한식,해물찜,해우정맛집,강원특별자치도 강릉시 선수촌로63번길 18-9 (홍제동),2023-03-06
373,강원특별자치도,강릉,식육,한우,강릉한우금송아지,강원특별자치도 강릉시 강릉대로359번길 5-15 (포남동),2023-03-06
374,강원특별자치도,강릉,한식,전복죽,선채향,강원특별자치도 강릉시 경강로2095번길 17 (임당동),2023-12-05
375,강원특별자치도,강릉,한식,막국수,예향막국수,강원특별자치도 강릉시 공항길 12 (병산동),2023-12-05
376,강원특별자치도,강릉,한식,설렁탕,"KIS정보통신(주)강릉(인천방향)휴게소 제순식당,인생설렁탕",강원특별자치도 강릉시 성산면 영동고속도로 231,2023-12-05
377,강원특별자치도,동해시,한식,"영양돌솥밥,간장게장,한우,   삼겹살",근정가든,강원특별자치도 동해시 부곡1길 2 (부곡동),2011-11-01
378,강원특별자치도,동해시,냉면집,"평양냉면, 함흥냉면 등",냉면권가(冷麵權家),"강원특별자치도 동해시 중앙로 236, 나동 1층 (천곡동)",2022-11-01
379,강원특별자치도,동해시,한식,부대찌개,놀부부대찌개&철판구이,"강원특별자치도 동해시 한섬로 111-7, 110호 (천곡동)",2022-11-01
380,강원특별자치도,동해시,한식,"냉면, 콩나물국밥 등",대관령칡냉면,강원특별자치도 동해시 감추1길 3 (천곡동),2022-11-01
381,강원특별자치도,동해시,한식,닭갈비,동해닭갈비 천곡점,"강원특별자치도 동해시 한섬로 126-2, 1층 105호 (천곡동)",2017-11-01
382,강원특별자치도,동해시,횟집,"모듬회,물회,회덮밥",동해횟집,"강원특별자치도 동해시 촛대바위길 22, 1,2층 (추암동)",2019-11-01
383,강원특별자치도,동해시,식육(숯불구이),"꽃갈비살,꽃등심,안창살",뜰애,강원특별자치도 동해시 평원6길 12 (평릉동),2018-11-01
384,강원특별자치도,동해시,식육(숯불구이),돼지갈비,명륜진사갈비동해평릉점,"강원특별자치도 동해시 평릉길 32, 1층 109,110호 (평릉동)",2021-11-01
385,강원특별자치도,동해시,경양식,"피자,파스타,리조또",보나베띠동해점,"강원특별자치도 동해시 평릉길 1, 가동 본관1층 (천곡동)",2012-11-15
386,강원특별자치도,동해시,한식,"오리로스구이, 오리주물럭",본가오리,"강원특별자치도 동해시 중앙로 236, 가동 2층 (천곡동)",2023-11-01
387,강원특별자치도,동해시,식육(숯불구이),"꽃등심,갈비살,사랑채정식",사랑채,"강원특별자치도 동해시 평릉길 52-2, 1층 (평릉동)",2015-11-02
388,강원특별자치도,동해시,식육(숯불구이),"돼지갈비,곱창전골",삼송갈비,강원특별자치도 동해시 송정로 39 (송정동),2004-11-30
389,강원특별자치도,동해시,횟집,"모듬회,회덮밥,물회 등",선창회집,강원특별자치도 동해시 일출로 233 (어달동),2013-11-01
390,강원특별자치도,동해시,횟집,"생선회,전복물회,매운탕",수중횟집,"강원특별자치도 동해시 감추6길 34, 2층 (천곡동)",2009-05-29
391,강원특별자치도,동해시,일식,"스시,초밥,회덮밥",스시가쿠,"강원특별자치도 동해시 효자남길 28-1, 1층 (동회동)",2018-11-01
392,강원특별자치도,동해시,식육(숯불구이),"삼겹살,목살,차돌박이",연이네왕소금구이,"강원특별자치도 동해시 효자남길 29-8, 2층 (쇄운동)",2017-11-01
393,강원특별자치도,동해시,일식,"회정식,모듬회,고래고기",영빈관,강원특별자치도 동해시 한섬로 135-3 (천곡동),2002-04-30
394,강원특별자치도,동해시,경양식,햄버거 스테이크 등,잉걸,"강원특별자치도 동해시 동해대로 6270-18, 108호 (망상동)",2022-11-01
395,강원특별자치도,동해시,한식,대게,주식회사 동해러시아대게마을,"강원특별자치도 동해시 추암택지길 2, 2층 (추암동)",2020-11-02
396,강원특별자치도,동해시,한식,"해물찜,해물탕",천곡해물탕,강원특별자치도 동해시 한섬로 111-1 (천곡동),2017-11-01
397,강원특별자치도,동해시,냉면집,"막국수,만두국",천수막국수,"강원특별자치도 동해시 감추1길 40, 1층 (천곡동)",2023-11-01
398,강원특별자치도,동해시,횟집,"활어회,회덮밥,물회,매운탕",추암횟집대게,"강원특별자치도 동해시 촛대바위길 16-2, 1,2층 (추암동)",2016-11-01
399,강원특별자치도,동해시,경양식,"파스타,피자,리조또",피아노,"강원특별자치도 동해시 동해대로 6270-18, 201,202호 (망상동, 망상해변내, (구)상가)",2017-11-01
400,강원특별자치도,동해시,식육(숯불구이),삼겹살 등,화로구이,"강원특별자치도 동해시 하평1길 5-1, 1층 (평릉동)",2020-11-02
401,강원특별자치도,태백시,한식,갈비,기와집갈비,태백시 짐대배기2길 4 (황지동),2022-11-09
402,강원특별자치도,태백시,중식,중화요리,평화반점,태백시 시장북길 8 (황지동),2002-05-21
403,강원특별자치도,태백시,한식,숯불구이,태강식육실비,태백시 광장로 42 (황지동),2002-05-21
404,강원특별자치도,태백시,한식,콩국수,구문소식당,태백시 석공길 22 (장성동),2004-07-01
405,강원특별자치도,태백시,한식,숯불구이,아리랑실비회관,태백시 태백산로 5131-4 (황지동),2004-12-27
406,강원특별자치도,태백시,한식,삼계탕,토속정,태백시 서학로 1134 (황지동),2005-07-01
407,강원특별자치도,태백시,한식,한정식,박대정,태백시 동태백로 823 (백산동),2007-06-29
408,강원특별자치도,태백시,한식,숯불구이,태백산한우촌,태백시 태백로 911 (황지동),2008-07-02
409,강원특별자치도,태백시,한식,숯불구이,오투정,태백시 서학로 994 (황지동),2009-07-16
410,강원특별자치도,태백시,한식,설렁탕,고원설렁탕,태백시 광원길 4 (문곡동),2008-07-02
411,강원특별자치도,태백시,한식,숯불구이,태백으뜸한우,태백시 번영로 208 (황지동),2010-06-24
412,강원특별자치도,태백시,한식,숯불구이,대원화로구이,태백시 태붐로 5 (황지동),2013-07-10
413,강원특별자치도,태백시,한식,"숯불구이, 보리밥",촌돼지와 보리밥,태백시 서학로 1032 (황지동),2014-08-01
414,강원특별자치도,태백시,한식,"동태탕,육개장",장인,태백시 상장남길 64(황지동),2015-10-01
415,강원특별자치도,태백시,한식,"숯불구이,갈비탕",추전벨리가든,태백시 태백로 365(화전동),2015-10-01
416,강원특별자치도,태백시,한식,부대찌개,달리는부대찌개,태백시 번영로 205(황지동),2015-10-01
417,강원특별자치도,태백시,한식,"수제비,칼국수",황지검정콩수제비,태백시 황지남3길 6(황지동),2015-10-01
418,강원특별자치도,태백시,한식,물닭갈비,엄마손태백물닭갈비,태백시 번영로 339(황지동),2016-10-03
419,강원특별자치도,태백시,한식,아구찜,주막아구찜,태백시 황지북3길 6(황지동),2017-10-23
420,강원특별자치도,태백시,한식,숯불구이,황소실비,태백시 태백로 968(황지동),2019-10-10
421,강원특별자치도,태백시,한식,숯불구이,육백뎐,태백시 용담1길 48-22(소도동),2019-10-10
422,강원특별자치도,태백시,한식,백숙,태백약초백숙,태백시 함태길 129(황지동),2020-11-01
423,강원특별자치도,태백시,뷔페식,한식뷔페,황부자뷔페,태백시 번영로 362(황지동),2020-11-01
424,강원특별자치도,태백시,뷔페식,한식뷔페,다복한정식,태백시 장성로 36-159(장성동),2020-11-01
425,강원특별자치도,태백시,한식,닭갈비,불로닭,태백시 동태백로 434(철암동),2020-11-01
426,강원특별자치도,태백시,한식,숯불구이,수정연탄구이,태백시 장성로 29-1(장성동),2020-11-01
427,강원특별자치도,태백시,한식,숯불구이,눈꽃회관,태백시 천제단길 160(소도동),2020-11-01
428,강원특별자치도,태백시,한식,"낙지,두부,동태탕",낙?두?동,태백시 함태길 102(황지동),2020-11-01
429,강원특별자치도,태백시,한식,숯불구이,조선옥갈비,태백시 시장북2길 5-1(황지동),2020-11-01
430,강원특별자치도,태백시,한식,숯불구이,한우마을,태백시 번영로 349-1(황지동),2020-11-01
431,강원특별자치도,태백시,한식,닭갈비,153광부닭사리,태백시 번영로 137 (황지동),2020-11-09
432,강원특별자치도,태백시,한식,해장국,태백산식당튀김,태백시 시장안2길 25 (황지동),2020-11-09
433,강원특별자치도,태백시,한식,해장국,장금이해장국,태백시 함태길 48 (황지동),2020-11-09
434,강원특별자치도,태백시,양식,"돈까스, 오므라이스",미전,태백시 서학로 1046(황지동),2023-11-07
435,강원특별자치도,태백시,한식,숯불구이,고기충전,"태백시 대학길 45, 1층(황지동)",2023-11-07
436,강원특별자치도,태백시,한식,칼국수,한서방칼국수,태백시 강원남부로 468(황연동),2023-11-07
437,강원특별자치도,태백시,한식,"닭갈비, 막국수",태백막국수,태백시 함태길 23(황지동),2023-11-07
438,강원특별자치도,태백시,한식,"갈비탕, 냉면",사랑방,태백시 천제다길 62(소도동),2023-11-07
439,강원특별자치도,태백시,한식,생선구이,안동간고등어 일직식당,태백시 서학로 1037(황지동),2023-11-07
440,강원특별자치도,태백시,한식,국밥,24시 전주명가콩나물국밥,태백시 시장남길 29(황지동),2023-11-07
441,강원특별자치도,속초시,한식,"소고기, 삼겹살",방자고기,"강원도 속초시 교동 엑스포로2길6,1층",2015.11.17.
442,강원특별자치도,속초시,한식,"굴국밥, 굴보쌈",굴향,강원도 속초시 교동 먹거리4길5,2017.11.10
443,강원특별자치도,속초시,한식,"생선찜, 해물탕",궁중해물,강원도 속초시 교동 먹거리6길7,2013.11.11
444,강원특별자치도,속초시,한식,"해장국, 전골류",궁중해장국,강원도 속초시 노학동 관광로447,2011.07.05
445,강원특별자치도,속초시,한식,보리비빔밥,그리운보리밥,강원도 속초시 영랑동 법대로34,2012.12.17
446,강원특별자치도,속초시,한식,"냉면, 수육",냉면가,강원도 속초시 금호동 중앙로129번길53 2층,2015.11.17
447,강원특별자치도,속초시,한식,"회냉면, 순대국밥",단천식당,강원도 속초시 청호동 아바이마을길 17,2015.11.17
448,강원특별자치도,속초시,일식,"모둠회, 대게",대선횟집,강원도 속초시 동명동 영랑해안길12,2005.05.30
449,강원특별자치도,속초시,일식,"대게찜, 회",대포대게사랑,강원도 속초시 대포동 대포항길 11,2017.11.10
450,강원특별자치도,속초시,한식,"냉면, 갈비탕",대포면옥,강원도 속초시 대포동 설악산로4번길 163-11,2013.11.11
451,강원특별자치도,속초시,한식,추어탕,돌봉추어탕,강원도 속초시 교동 만천4길53-8,2016.11.04
452,강원특별자치도,속초시,일식,"한우, 한돈",동강청정한우 앤 한돈,강원도 속초시 조양동 선사로 7-10,2017.11.10
453,강원특별자치도,속초시,한식,"냉면, 갈비탕",동해면옥,강원도 속초시 영랑동 영랑로6길18,2011.07.05
454,강원특별자치도,속초시,한식,"돼지갈비, 삼겹살",공룡갈비,강원도 속초시 교동 먹거리2길6,2015.11.17
455,강원특별자치도,속초시,한식,복국,명가복국,강원도 속초시 교동 먹거리4길35,2007.06.30
456,강원특별자치도,속초시,한식,"순두부, 황태구이",초당본가할머니순두부,강원도 속초시 노학동 관광로 362,2012.12.17
457,강원특별자치도,속초시,한식,"설렁탕, 갈비탕",설악본가설렁탕,강원도 속초시 장사동 미시령로 3143,2010.08.02
458,강원특별자치도,속초시,한식,장어구이,섬진강민물장어,강원도 속초시 교동 만천2길17-5,2008.06.26
459,강원특별자치도,속초시,한식,"막국수, 메밀칼국수",소야동치미막국수,강원도 속초시 조양동 청초호반로 76,2008.06.26
460,강원특별자치도,속초시,일식,대게요리,주식회사 원조속초게찜,강원도 속초시 노학동 관광로 250,2017.11.10
461,강원특별자치도,속초시,한식,닭갈비,속초우미닭갈비,강원도 속초시 교동 먹거리1길6,2012.12.17
462,강원특별자치도,속초시,한식,"산채비빔밥, 젓갈비빔밥",솔향,강원도 속초시 설악동 설악산로 1081,2016.11.04
463,강원특별자치도,속초시,한식,생선찜,수빈이네찜,강원도 속초시 조양동 동해대로 3930번길 6,2011.07.05
464,강원특별자치도,속초시,일식,"모둠물화, 전복돌솥밥",수산물회,강원도 속초시 조양동 엑스포로1길 14,2013.11.11
465,강원특별자치도,속초시,일식,"모둠회, 매운탕",스끼다시천국횟집,강원도 속초시 동명동 영랑해안길9,2003.07.01
466,강원특별자치도,속초시,일식,"모둠회, 대게",신돌섬대게회집,강원도 속초시 영랑동 영랑해안길 79,2015.11.17
467,강원특별자치도,속초시,한식,"백반, 전골류",신촌옥,강원도 속초시 교동 청대로341,2009.07.01
468,강원특별자치도,속초시,일식,"모둠회, 물회",신한산회집,강원도 속초시 장사동 장사항해안길 23,2003.07.01
469,강원특별자치도,속초시,한식,"등심구이, 돼지갈비",영동화로숯불구이,강원도 속초시 교동 먹거리3길 13,2015.11.17
470,강원특별자치도,속초시,한식,"삼색두부, 순두부",옛고을순두부,강원도 속초시 노학동 원암학사평길114,2003.07.01
471,강원특별자치도,속초시,한식,"모둠회, 대게",오대양회집,강원도 속초시 장사동 장사항해안길58,2003.07.01
472,강원특별자치도,속초시,한식,"오리로스, 주물럭",오리사냥,강원도 속초시 조양동 청대마을2길29-4,2010.08.02
473,강원특별자치도,속초시,일식,"모둠회, 매운탕",왕건횟집,강원도 속초시 동명동 영랑해안길15,2003.07.01
474,강원특별자치도,속초시,한식,생선찜,이모네식당,강원도 속초시 영랑동 영랑해안6길16,2010.08.02
475,강원특별자치도,속초시,일식,"모둠회, 물회",일출봉활어회집,"강원도 속초시 대포동 대포항희망길105,1-2층",2015.11.17
476,강원특별자치도,속초시,한식,삼계탕,전주삼계탕,강원도 속초시 노학동 도리원길77,2015.11.17
477,강원특별자치도,속초시,한식,"산채비빔밥, 버섯전골",점봉산산채,강원도 속초시 노학동 이목로 132,2017.11.10
478,강원특별자치도,속초시,한식,"냉면, 갈비탕",천일면옥,강원도 속초시 노학동 청대로321번길9,2017.04.20
479,강원특별자치도,속초시,한식,"소갈비, 돼지갈비",천하갈비,강원도 속초시 금호동 번영로90번길36,2007.06.30
480,강원특별자치도,속초시,일식,"모둠회, 물회",코리아회집(으뜸),강원도 속초시 장사동 장사항해안길64-5,2003.07.01
481,강원특별자치도,속초시,양식,"파스타, 피자",테라스,"강원도 속초시 중앙동 중앙로129번길6,2층",2014.11.12
482,강원특별자치도,속초시,한식,부대찌개,판장부대찌개,강원도 속초시 금호동  청초호반로306,2015.11.17.
483,강원특별자치도,속초시,한식,감자탕,할머니감자탕전문점,강원도 속초시 교동  청초호반로186,2016.11.04
484,강원특별자치도,속초시,일식,"모둠회, 물회",독도활어횟집,강원도 속초시 장사동 장사항해안길 57,2018.12.07
485,강원특별자치도,속초시,한식,"얼큰순두부, 생선구이",복골순두부,강원도 속초시 도문동 설악산로32,2018.12.07
486,강원특별자치도,속초시,중식,"짬뽕, 탕수육",속초해물뚝배기짬뽕의 신,강원도 속초시 교동 먹거리2길17,2018.12.07
487,강원특별자치도,속초시,양식,"파스타, 불초밥구이",와규더테이블,"강원도 속초시 교동 청초호반로 176,2층",2018.12.07
488,강원특별자치도,속초시,한식,"순두부, 황태구이",원조재래식할머니순두부,강원도 속초시 노학동 원암학사평길 177,2018.12.07
489,강원특별자치도,속초시,한식,"돼지갈비, 삼겹살",정재환왕갈비,강원도 속초시 동명동 번영로105번길37,2018.12.07
490,강원특별자치도,속초시,한식,생대구탕,㈜속초생대구,강원도 속초시 영랑동 영란해안3길14,2018.12.07
491,강원특별자치도,속초시,한식,"순두부, 가마솥밥정식",콩서리,강원도 속초시 노학동 관광로 394,2018.12.07
492,강원특별자치도,속초시,한식,해장국,뚝배기양평해장국,강원도 속초시 조양동 엑스포로1길19,2019.11.21.
493,강원특별자치도,속초시,한식,소고기구이,하누정원,강원도 속초시 조양동 청대로 228,2019.11.21.
494,강원특별자치도,속초시,한식,샤브샤브,채선당,강원도 속초시 교동 청초호반로 192,2019.11.21.
495,강원특별자치도,속초시,한식,"가마솥밥정식, 황태구이",온천뜰,강원도 속초시 노학동 온천로 6,2019.11.21.
496,강원특별자치도,속초시,한식,장어,척산장어촌1관,강원도 속초시 노학동 온천로 11,2019.11.21.
497,강원특별자치도,속초시,한식,고등어시래기조림,마루촌가든,강원도 속초시 노학동 온천로 147,2019.11.21.
498,강원특별자치도,속초시,한식,"냉면, 갈비탕",함흥냉면옥,강원도 속초시 금호동 청초호반로 299,2019.11.21.
499,강원특별자치도,속초시,한식,"차돌박이, 냉면",이차돌속초교동점,"강원도 속초시 교동 청초호반로 178, 1층",2020.11.30.
500,강원특별자치도,속초시,일식,"모둠회, 매운탕",이모회집,"강원도 속초시 장사동 장사항해안길13, 1~2층",2020.11.30.
501,강원특별자치도,속초시,일식,일식,큰집,강원도 속초시 장사동 중앙로 416-5,2020.11.30.
502,강원특별자치도,속초시,한식,"갈비, 삼겹살",주식회사돈우마을,강원도 속초시 조양동 청초호반로 56,2020.11.30.
503,강원특별자치도,속초시,한식,해물탕,복수산해물탕,"강원도 속초시 조양동 엑스포로 1길14, 1층",2020.11.30.
504,강원특별자치도,속초시,양식,"파스타,피자",뽕미남,"강원도 속초시 청호동 청호로 39, 1층",2021.10.28.
505,강원특별자치도,속초시,한식,"갈비, 삼겹살",한송정가든(으뜸),강원도 속초시 노학동 싸리재길250,2003.07.01
506,강원특별자치도,속초시,일식,일식,청초수물회앤섭국(으뜸),"강원도 속초시 조양동 엑스포로12-36, 2~4층",2015.11.17
507,강원특별자치도,속초시,한식,대구탕,황대구탕(본관)(으뜸),강원도 속초시 노학동 관광로 374,2016.11.04
508,강원특별자치도,속초시,일식,"게찜,모둠회",명성게찜,강원도 속초시 장사동 장사항해안길 51,2021.10.28.
509,강원특별자치도,속초시,한식,"죽,이유식",죽이야기교동점,"강원도 속초시 교동 엑스포로180, 1층",2021.10.28.
510,강원특별자치도,속초시,한식,"소갈비, 돼지갈비",수원갈비,강원도 속초시 조양동 엑스포로1길28,2021.10.28.
511,강원특별자치도,속초시,중식,중국음식,임가원,강원도 속초시 교동 먹거리1길35-11,2021.10.28.
512,강원특별자치도,속초시,한식,소고기,금강송이한우,"강원도 속초시 교동 먹거리2길2, 2층",2021.10.28.
513,강원특별자치도,속초시,한식,"섭죽,전복죽",바람꽃해녀마을속초본점,강원도 속초시 노학동 바람꽃마을길 37,2021.10.28.
514,강원특별자치도,속초시,한식,순두부,순두부마을,강원도 속초시 도문동 설악산로 336,2022.11.11.
515,강원특별자치도,속초시,한식,"생선구이, 생대구탕",속초맛집이화,"강원도 속초시 동명동 번영로105번길36, 103호",2022.11.11.
516,강원특별자치도,속초시,한식,"소갈비, 돼지갈비",영랑호화로구이,강원도 속초시 동명동 번영로 129번길 29-8,2022.11.11.
517,강원특별자치도,속초시,한식,"돼지갈비, 삼겹살",육장갈비속초본점,"강원도 속초시 조양동 엑스포로1길14, 2층",2022.11.11.
518,강원특별자치도,속초시,한식,소고기,대포리,"강원도 속초시 대포동 대포항희망길93-1, 1~2층",2022.11.11.
519,강원특별자치도,속초시,한식,소고기,한우이야기,"강원도 속초시 교동 온천로 283, 1층",2022.11.11.
520,강원특별자치도,속초시,한식,냉면,낙천회관,강원도 속초시 교동 수복로 128,2022.11.11.
521,강원특별자치도,속초시,일식,물회,봉포머구리집,"강원도 속초시 영랑동 영랑해안길223, 1~4층",2022.11.11.
522,강원특별자치도,속초시,일식,대게,동명항대게마을,"강원도 속초시 동명동 영랑해안길 7, 1~2층",2022.11.11.
523,강원특별자치도,속초시,한식,"돼지갈비, 삼겹살",제주고기,"강원도 속초시 조양동 조양로 181, 상가2108호",2022.11.11.
524,강원특별자치도,속초시,양식,팬케이크 등,니어앤디어브런치카페,"강원도 속초시 동명동 번영로129번길5, 4호",2022.11.11.
525,강원특별자치도,속초시,한식,"돼지갈비, 삼겹살",고반식당 속초엑스포점,강원도 속초시 조양동 엑스포로1길 35,2022.11.11.
526,강원특별자치도,속초시,한식,닭도리탕,맵도리탕 속초점,"강원도 속초시 조양동 동해대로 3958, 112호",2022.11.11.
527,강원특별자치도,삼척시,한식,낚지보쌈,두레박고을,삼척시 대학로 93(교동),2018-10-31
528,강원특별자치도,삼척시,한식,"막국수, 수육",부일막국수,삼척시 새천년도로 598 (갈천동),2022-10-31
529,강원특별자치도,삼척시,한식,"쌀국수, 돈카츠",포카츠,"삼척시 새천년도로 601-59, 2층(갈천동)",2021-10-31
530,강원특별자치도,삼척시,한식,치킨,60계치킨,삼척시 하실길 76 (교동),2023-10-31
531,강원특별자치도,삼척시,한식,생선모듬찜,명가해물,삼척시 진주로 50-1(당저동),2015-10-26
532,강원특별자치도,삼척시,한식,"갈비찜, 도가니탕",우가네맛찜,삼척시 도계읍 도계로 232-2,2023-10-31
533,강원특별자치도,삼척시,한식,"더덕구이, 황태구이",덕항가든,삼척시 신기면 환선로 550,2020-10-31
534,강원특별자치도,삼척시,한식,"물회, 생선회",행복횟집,삼척시 근덕면 덕산해변길 150,2015-10-26
535,강원특별자치도,삼척시,한식,뷔페식,황금회관,삼척시 중앙로 221(남양동),2014-10-24
536,강원특별자치도,삼척시,한식,"불고기, 제육",오시기식당,"삼척시 새천년도로 601-59, 1층(갈천동)",2023-10-31
537,강원특별자치도,삼척시,한식,"생선찜, 구이",삼고정문,"삼척시 새천년도로 673-1, 2층(갈천동)",2017-10-31
538,강원특별자치도,삼척시,한식,"꼬막비빔밥, 감자탕",연안식당&고래감자탕,"삼척시 새천년도로 622, 1층(갈천동)",2020-10-31
539,강원특별자치도,삼척시,한식,탕류,오복정,삼척시 새천년도로 559-56 (갈천동),2009-06-19
540,강원특별자치도,삼척시,한식,생선회,삼척항아리랑횟집,삼척시새천년도로 527-18 (교동),2021-10-31
541,강원특별자치도,삼척시,한식,갈비탕,미호회관,삼척시 남양길 33 (남양동),2015-10-26
542,강원특별자치도,삼척시,한식,한정식,한식당해밀,삼척시 오십천로 155-22 (자원동),2015-10-26
543,강원특별자치도,삼척시,한식,삼겹살,연이네왕소금구이,"삼척시 정상로 71, 2층(교동)",2016-10-31
544,강원특별자치도,삼척시,한식,돼지고기구이,탐라흑돈,삼척시 척주로 51-1(남양동),2022-10-31
545,강원특별자치도,삼척시,한식,오리백숙,모계촌,"삼척시 척주로7, 2층(남양동)",2018-10-31
546,강원특별자치도,삼척시,한식,고기구이,장군시오야끼삼척직영점,삼척시 대학로 24 (남양동),2015-10-26
547,강원특별자치도,삼척시,한식,칼국수,더육향,삼척시 새천년도로 32 (정하동),2019-10-31
548,강원특별자치도,삼척시,한식,산채정식,구름다리,삼척시 청석로1길 10-29(교동),2015-10-26
549,강원특별자치도,삼척시,한식,민물장어,힘력풍천장어,삼척시 정상안길 96-18(정상동),2018-10-31
550,강원특별자치도,삼척시,한식,"막국수, 수육",오복예향막국수,삼척시 당저동2길 7(당저동),2017-10-31
551,강원특별자치도,삼척시,한식,생선회,해도지횟집오복미가,삼척시 새천년도로 511(교동),2017-10-31
552,강원특별자치도,삼척시,한식,"월남쌈, 샤브샤브",쌈촌구이샤브,삼척시 청석로 5(교동),2015-10-26
553,강원특별자치도,삼척시,한식,부대찌개,왕손부대찌개,삼척시 청석로3길 16-46(교동),2021-10-31
554,강원특별자치도,삼척시,한식,닭갈비,교동닭갈비,삼척시 청석로 79-9(교동),2020-10-31
555,강원특별자치도,삼척시,한식,"냉면, 갈비탕",교동면옥,삼척시 정상안1길 13-3(정상동),2022-10-31
556,강원특별자치도,삼척시,한식,물닭갈비,텃밭에노는닭,삼척시 도계읍 도계로 334,2016-10-31
557,강원특별자치도,삼척시,한식,등심,강화가든,삼척시 원당로2길 69 (원당동),2015-10-26
558,강원특별자치도,삼척시,한식,해물찜,삼척해물,삼척시 사대3길 4 (남양동),2015-10-26
559,강원특별자치도,삼척시,한식,불고기,약천불고기,삼척시 엑스포로 12-1 (읍중동),2018-10-31
560,강원특별자치도,삼척시,한식,돼지갈비,큰손돌판갈비,삼척시 대학로 76 (교동),2019-10-31
561,강원특별자치도,삼척시,한식,"대게, 회",삼척보스대게본점,"삼척시 테마타운길 39, 2층 (갈천동)",2021-10-31
562,강원특별자치도,삼척시,한식,국수,국수의신,삼척시새천년도로 113-1 (정하동),2023-10-31
563,강원특별자치도,삼척시,한식,"생선찜, 구이",동해바다,"삼척시 청석로 27-64, 1층(교동)",2019-10-31
564,강원특별자치도,삼척시,한식,칼국수,율칼국수,삼척시 대학로 49-27 (당저동),2023-10-31
565,강원특별자치도,삼척시,중식,중화요리,동승춘,삼척시 대학로 12(남양동),2018-10-31
566,강원특별자치도,삼척시,한식,"해물탕, 생선찜",일품해물탕,삼척시 진주로 30-26(남양동),2019-10-31
567,강원특별자치도,삼척시,한식,"갈비살, 등심",장군정육식당,"삼척시 새천년도로 582, 1층(갈천동)",2019-10-31
568,강원특별자치도,삼척시,한식,한우구이,월드한우구이촌,삼척시 청석로3길 15(교동),2016-10-31
569,강원특별자치도,삼척시,한식,보쌈,농가,"삼척시 남양길 5, 2층 (남양동)",2019-10-31
570,강원특별자치도,삼척시,한식,샤브샤브,샤브향,삼척시 엑스포로 4 (읍중동),2015-10-26
571,강원특별자치도,삼척시,한식,돼지갈비,동해관,삼척시 진주로 30-27 (남양동),2016-10-31
572,강원특별자치도,삼척시,중식,중화요리,향,삼척시 대학로 38 (당저동),2022-10-31
573,강원특별자치도,삼척시,한식,낙지볶음,착한낙지삼척점,삼척시 새천년도로 567 (갈천동),2018-10-31
574,강원특별자치도,삼척시,한식,"생선구이, 해물탕",초롱식당,"삼척시 새천년도로 119, 201호(정하동,해원상가)",2016-10-31
575,강원특별자치도,삼척시,한식,오리백숙,대금,삼척시 정상안1길 13-29(정상동),2020-10-31
576,강원특별자치도,삼척시,한식,민물생선탕,죽서뚜구리집,삼척시 엑스포로 68 (성남동),2019-10-31
577,강원특별자치도,삼척시,한식,삼겹살,녹연,삼척시 남양길 25 (남양동),2015-10-26
578,강원특별자치도,삼척시,한식,돼지갈비,소나무집,삼척시 중앙로 178 (남양동),2019-10-31
579,강원특별자치도,삼척시,한식,한우구이,엄마손한우,삼척시 중앙시장1길 18 (남양동),2015-10-26
580,강원특별자치도,삼척시,한식,"갈비살, 등심",우리한우식육식당,삼척시 뒷나루길 63(교동),2015-10-26
581,강원특별자치도,삼척시,한식,"곰치국, 활어회",바다횟집,삼척시 새천년도로 88(정하동),2022-10-31
582,강원특별자치도,삼척시,한식,국수,비빔국수면,"삼척시 새천년도로 582, 2층(갈천동)",2023-10-31
583,강원특별자치도,삼척시,한식,생선회,덕산회집,삼척시 근덕면 덕산해변1길 93-8,2014-10-24
584,강원특별자치도,삼척시,한식,한정식,해담,"삼척시 중앙로 246, 3층(남양동)",2022-10-31
585,강원특별자치도,삼척시,한식,오리로스,삼척오리마을,삼척시 청석로 51(교동),2018-10-31
586,강원특별자치도,삼척시,한식,"대게, 회",대게먹방,"삼척시 테마타운길 49, 202호(갈천동)",2022-10-31
587,강원특별자치도,홍천군,한식,삼겹살,광운식당,강원특별자치도 홍천군 홍천읍 석화로 79,2006-07-01
588,강원특별자치도,홍천군,한식,한식,기와집곰탕,강원특별자치도 홍천군 홍천읍 홍천로 654,2004-08-01
589,강원특별자치도,홍천군,식육(숯불구이),돼지갈비,남산갈비오리,강원특별자치도 홍천군 홍천읍 연봉서로2길 10,2006-07-01
590,강원특별자치도,홍천군,식육(숯불구이),늘푸름한우등심,늘푸름임꺽정,강원특별자치도 홍천군 홍천읍 무궁화로4길 11,2006-07-01
591,강원특별자치도,홍천군,식육(숯불구이),"등심,갈비",늘푸름홍천한우프라자,"강원특별자치도 홍천군 홍천읍 설악로 1265, 1,2층",2015-07-01
592,강원특별자치도,홍천군,일식,바다회,대포항회집,강원특별자치도 홍천군 홍천읍 석화로2길 14-1,2002-12-20
593,강원특별자치도,홍천군,뷔페식,"전골,탕류",더 로딘(전문식당),"강원특별자치도 홍천군 서면 한치골길 262, 5층 (소노펠리체타워동)",2015-07-01
594,강원특별자치도,홍천군,경양식,"스테이크,파스타",더엠브로시아,강원특별자치도 홍천군 서면 한치골길 262 (소노펠리체 클럽하우스 1층),2015-07-01
595,강원특별자치도,홍천군,한식,오리구이,덕바우,강원특별자치도 홍천군 홍천읍 남산강변로2길 5,2016-01-01
596,강원특별자치도,홍천군,일식,바다회,동해횟집,강원특별자치도 홍천군 서면 한치+G5:G45골길 692,2009-01-01
597,강원특별자치도,홍천군,식육(숯불구이),"삽겹살, 특수부위",돼랑숙성생고기,강원특별자치도 홍천군 홍천읍 신장대로 60 (2층),2012-07-01
598,강원특별자치도,홍천군,한식,"설렁탕, 산채비빔밥",두촌관광타운,강원특별자치도 홍천군 두촌면 설악로 3863,2007-07-01
599,강원특별자치도,홍천군,한식,닭갈비,둥이네닭갈비,강원특별자치도 홍천군 홍천읍 닭바위1길 17,2019-11-01
600,강원특별자치도,홍천군,한식,한우등심,들꽃가든,강원특별자치도 홍천군 서면 한서로 2045,2016-01-01
601,강원특별자치도,홍천군,한식,돼지갈비,박대감,강원특별자치도 홍천군 홍천읍 송학강변로 15,2013-01-01
602,강원특별자치도,홍천군,한식,쭈꾸미,백년 쭈꾸미,"강원특별자치도 홍천군 홍천읍 갈마로3길 16, 1층",2017-01-02
603,강원특별자치도,홍천군,한식,"족발, 보쌈",백년족발,강원특별자치도 홍천군 홍천읍 남산강변로5길 4,2018-01-01
604,강원특별자치도,홍천군,한식,소머리곰탕,삼오식당,강원특별자치도 홍천군 홍천읍 희망로16길 6,2002-12-20
605,강원특별자치도,홍천군,식육(숯불구이),삼겹살,새마을식당홍천점,"강원특별자치도 홍천군 홍천읍 번영로 10, 2층",2018-07-01
606,강원특별자치도,홍천군,한식,한정식,샘터골한정식,강원특별자치도 홍천군 홍천읍 옹기골길 18,2008-07-01
607,강원특별자치도,홍천군,한식,한정식,서울한정식,강원특별자치도 홍천군 홍천읍 진리 96 ,2002-12-20
608,강원특별자치도,홍천군,한식,제육볶음,신내기사식당,강원특별자치도 홍천군 화촌면 구룡령로 10,2018-07-01
609,강원특별자치도,홍천군,한식,"냉면, 생태찌개",아바이,강원특별자치도 홍천군 홍천읍 무궁화로2길 21-8,2007-07-01
610,강원특별자치도,홍천군,식육(숯불구이),고기류,양지말화로구이,"강원특별자치도 홍천군 홍천읍 양지말길 17-4, 1,2층",2002-12-20
611,강원특별자치도,홍천군,한식,동태찜,이필남동해동태찜,강원특별자치도 홍천군 홍천읍 와동로34번길 16,2014-01-01
612,강원특별자치도,홍천군,한식,"등심,갈비",주식회사홍천한우애,강원특별자치도 홍천군 홍천읍 양지말길 12,2015-07-01
613,강원특별자치도,홍천군,한식,청국장,준이네통나무집,강원특별자치도 홍천군 두촌면 설악로 3643,2004-08-01
614,강원특별자치도,홍천군,한식,오리구이,채상궁,강원특별자치도 홍천군 홍천읍 홍천로 510,2002-12-20
615,강원특별자치도,홍천군,뷔페식,부페식,크리스탈컨벤션웨딩,"강원특별자치도 홍천군 홍천읍 소옥개로 28, 2.3.4층",2009-01-01
616,강원특별자치도,홍천군,한식,막국수,큰샛터막국수,강원특별자치도 홍천군 홍천읍 소옥개로 104,2017-01-02
617,강원특별자치도,홍천군,한식,"추어탕,순대국, 설렁탕",탁구네추어탕,강원특별자치도 홍천군 홍천읍 공작산로 136,2018-01-01
618,강원특별자치도,홍천군,한식,"알밥, 우거지탕",태경산업(주)홍천강휴게소-한식/우리콩순두부,강원특별자치도 홍천군 북방면 도사곡길 223,2005-07-01
619,강원특별자치도,홍천군,중국식,중화요리,태양반점,"강원특별자치도 홍천군 홍천읍 진리로 20, 1층",2008-07-01
620,강원특별자치도,홍천군,식육(숯불구이),오리구이,퇴골오리숯불구이홍천본점,강원특별자치도 홍천군 홍천읍 연봉로6길 18,2015-07-01
621,강원특별자치도,홍천군,한식,고기류,파레스가든,강원특별자치도 홍천군 홍천읍 설악로 1780,2002-12-20
622,강원특별자치도,홍천군,한식,황태해장국,팜파스휴게식당,강원특별자치도 홍천군 두촌면 설악로 3594,2002-12-20
623,강원특별자치도,홍천군,식육(숯불구이),한우 숯불구이,평창한우마을홍천대명식당,강원특별자치도 홍천군 서면 한치골길 692,2019-11-01
624,강원특별자치도,홍천군,한식,도가니탕,푸주옥,강원특별자치도 홍천군 홍천읍 진리로 3,2006-07-01
625,강원특별자치도,홍천군,식육(숯불구이),등심,한솔가든,강원특별자치도 홍천군 서면 한서로 2183,2012-07-01
626,강원특별자치도,홍천군,식육(숯불구이),고기류,홍천가든,강원특별자치도 홍천군 북방면 홍천로 205-3,2010-07-01
627,강원특별자치도,홍천군,한식,한식(막국수),홍천막국수,강원특별자치도 홍천군 홍천읍 희망로14길 15,2010-01-06
628,강원특별자치도,홍천군,한식,"한식,양식,우동,라면",홍천밥상/화촌-서울방향,강원특별자치도 홍천군 화촌면 서울양양고속도로 83,2018-01-01
629,강원특별자치도,홍천군,식육(숯불구이),양념구이,홍천원조화로구이(비발디점),강원특별자치도 홍천군 서면 한서로 2165,2013-07-01
630,강원특별자치도,홍천군,탕류(보신용),설렁탕,홍천큰집가마솥냉면설렁탕전문점,강원특별자치도 홍천군 홍천읍 홍천로3길 5-15,2002-12-20
631,강원특별자치도,홍천군,식육(숯불구이),한우,홍천한우사랑말식당,강원특별자치도 홍천군 북방면 홍천로 13-5,2016-07-01
632,강원특별자치도,홍천군,한식,해장국,홍천해장국,"강원특별자치도 홍천군 홍천읍 진삼거리길 18, A동 102,103호 (중앙연립)",2012-07-01
633,강원특별자치도,홍천군,한식,한식,화양강휴게소(씨스페이스),강원특별자치도 홍천군 두촌면 설악로 3330,2003-09-01
634,강원특별자치도,홍천군,한식,"한식,양식,우동,라면",화촌/홍천밥상-양양방향,강원특별자치도 홍천군 화촌면 서울양양고속도로 84,2018-01-01
635,강원특별자치도,홍천군,일식,활어회,횟집 경포대,강원특별자치도 홍천군 홍천읍 희망진리길 4,2007-07-01
636,강원특별자치도,횡성군,기타,족발,군민족발,강원도 횡성군 횡성읍 삼일로 57,2021-12-22
637,강원특별자치도,횡성군,한식,쇠고기 돼지갈비,금강산숯불구이,강원도 횡성군 횡성읍 문화체육로 54,2016-11-01
638,강원특별자치도,횡성군,기타,돈까스,남매,강원도 횡성군 횡성읍 횡성로 51,2021-12-22
639,강원특별자치도,횡성군,기타,"막국수, 감자옹심이",다래막국수,강원도 횡성군 우천면 한우로우항7길 9,2008-07-24
640,강원특별자치도,횡성군,한식,쇠고기 돼지갈비,동가래농장한우셀프점,강원도 횡성군 공근면 경강로 1026,2016-11-01
641,강원특별자치도,횡성군,한식,소고기,둔내역한우,"강원도 횡성군 둔내면 고원로 117, 1동",2021-12-22
642,강원특별자치도,횡성군,한식,"닭개장, 닭갈비",민들레닭갈비,강원도 횡성군 둔내면 둔방로3번길 5,2009-07-29
643,강원특별자치도,횡성군,한식,더덕밥,박현자네더덕밥,강원도 횡성군 횡성읍 횡성로 59,2021-12-22
644,강원특별자치도,횡성군,한식,"막국수, 칼국수",선돌막국수,강원도 횡성군 횡성읍 입석로 34,2008-07-24
645,강원특별자치도,횡성군,기타,막국수,수지막국수,강원도 횡성군 횡성읍 문화체육로 64,2021-12-22
646,강원특별자치도,횡성군,한식,"꽃등심, 돼지갈비, 육사시미",심우향,강원도 횡성군 둔내면 둔방로14번길 9,2009-07-29
647,강원특별자치도,횡성군,한식,"미꾸라지탕, 튀김",쌍둥이네미꾸라지탕,강원도 횡성군 공근면 공근남로 37,2008-07-24
648,강원특별자치도,횡성군,한식,"해물칼국수, 해물닭볶음탕",우도바지락칼국수,강원도 횡성군 횡성읍 태기로19번길 17,2010-07-28
649,강원특별자치도,횡성군,한식,소고기,우와담,강원도 횡성군 횡성읍 화성로 81-16,2021-12-22
650,강원특별자치도,횡성군,한식,"더덕한정식, 취나물밥",윤가이가,강원도 횡성군 청일면 큰고시길 41,2015-11-02
651,강원특별자치도,횡성군,한식,"갈비살, 불고기",축협횡성한우프라자,강원도 횡성군 우천면 한우로 1401,2008-07-24
652,강원특별자치도,횡성군,한식,닭갈비,춘천닭갈비막국수,강원도 횡성군 횡성읍 문화체육로 52,2021-12-22
653,강원특별자치도,횡성군,한식,"한우등심, 갈비살, 육회",함밭식당,강원도 횡성군 횡성읍 섬강로 88,2008-05-29
654,강원특별자치도,횡성군,기타,추어탕,향토추어탕,강원도 횡성군 횡성읍 문화체육로 71,2021-12-22
655,강원특별자치도,횡성군,한식,소고기,화수목 관광농원,"강원도 횡성군 둔내면 경강로 4699, 1층",2021-12-22
656,강원특별자치도,횡성군,한식,"한우국밥, 산채비빔밥",횡성(인천)휴게소 한식,강원도 횡성군 안흥면 영동고속도로 153,2010-07-28
657,강원특별자치도,횡성군,한식,"횡성한우국밥, 더덕스테이크",횡성반상 봉화산 설렁탕,강원도 횡성군 안흥면 영동고속도로 154,2010-07-28
658,강원특별자치도,횡성군,횟집,"송어회, 오리훈제",횡성송어횟집,강원도 횡성군 횡성읍 섬강로388번길 75,2008-07-24
659,강원특별자치도,횡성군,기타,"족발, 보쌈",횡성족발,강원도 횡성군 횡성읍 문정로55번길 24,2008-07-24
660,강원특별자치도,횡성군,한식,"한우등심, 육회, 살치살",횡성축협한우프라자,강원도 횡성군 우천면 우항3길 6,2008-07-24
661,강원특별자치도,횡성군,한식,"한우구이, 갈비탕",횡성축협한우프라자 본점,강원도 횡성군 횡성읍 횡성로 337,2016-11-01
662,강원특별자치도,횡성군,한식,"한우국밥, 콩나물해장국",횡성한우국밥,강원도 횡성군 횡성읍 문화체육로 46,2016-11-01
663,강원특별자치도,횡성군,한식,"꽃등심, 육회비빔밥",횡성한우마을,강원도 횡성군 우천면 수남로 348,2011-11-09
664,강원특별자치도,횡성군,한식,"한우등심, 안창살, 갈비살",횡성한우피아,강원도 횡성군 둔내면 고원로 141,2010-07-28
665,강원특별자치도,횡성군,한식,불고기,소소반,강원도 횡성군 서원면 옥계9길 119,2022-12-13
666,강원특별자치도,횡성군,한식,순대국,새말토종순대,강원도 횡성군 우천면 우항새말길 20-16,2022-12-13
667,강원특별자치도,횡성군,한식,소고기,산더미,강원도 횡성군 둔내면 둔내로47번길 40-19,2022-12-13
668,강원특별자치도,영월군,한식,"불고기, 삼겹살",미락,강원특별자치도 영월군 영월읍 관풍헌길 29,2014-04-01
669,강원특별자치도,영월군,한식,다슬기해장국,동강다슬기,강원특별자치도 영월군 영월읍 영월로 2105,2011-03-11
670,강원특별자치도,영월군,한식,한우꽃살,대흥식당,강원특별자치도 영월군 영월읍 중앙1로 26,2013-04-01
671,강원특별자치도,영월군,한식,삼선짬뽕,래원,강원특별자치도 영월군 영월읍 단종로16번길 40,2013-04-01
672,강원특별자치도,영월군,한식,장어,동강수산장어,강원특별자치도 영월군 영월읍 청령포로 103,2018-07-27
673,강원특별자치도,영월군,한식,한우등심,우성참숯갈비,강원특별자치도 영월군 영월읍 중앙1로 14,2013-04-01
674,강원특별자치도,영월군,한식,한우등심,영월동강한우타운,"강원특별자치도 영월군 영월읍 하송안길 65, 2층",2011-03-11
675,강원특별자치도,영월군,한식,숯불구이,낙원숯불갈비,강원특별자치도 영월군 영월읍 제방안길 4,2013-04-01
676,강원특별자치도,영월군,한식,민물매운탕,물레방아쉼터,강원특별자치도 영월군 영월읍 중앙로 803,2011-03-11
677,강원특별자치도,영월군,한식,닭볶음탕,동강빌리지,강원특별자치도 영월군 영월읍 동강로 225,2011-03-11
678,강원특별자치도,영월군,한식,곤드레돌솥밥,솔잎가든,강원특별자치도 영월군 영월읍 청령포로 48,2003-06-17
679,강원특별자치도,영월군,한식,곤드레 정식,영월본가,강원특별자치도 영월군 영월읍 은행나무5길 25,2016-07-11
680,강원특별자치도,영월군,한식,숯불구이,광천숯불구이막국수,강원특별자치도 영월군 영월읍 하송로 138,2013-04-01
681,강원특별자치도,영월군,한식,"한식, 닭볶음탕",소담뜰,강원특별자치도 영월군 영월읍 중앙1로 4,2016-07-11
682,강원특별자치도,영월군,한식,"장어, 백숙",하얀집 풍천장어,강원특별자치도 영월군 영월읍 선돌길 83-9,2015-06-29
683,강원특별자치도,영월군,한식,순대국밥,큰맘할매순대국 영월남면점,강원특별자치도 영월군 남면 별방창원로 1423,2011-03-11
684,강원특별자치도,영월군,한식,한식,에스엠 동강시스타 포레스트,강원특별자치도 영월군 영월읍 사지막길 160,2012-03-23
685,강원특별자치도,영월군,한식,흑염소숯불구이,장가네 흑염소 숯불구이,강원특별자치도 영월군 영월읍 요리골목길 12,2014-04-01
686,강원특별자치도,영월군,한식,"나물밥, 곤드레밥",영월맛집 박가네,강원특별자치도 영월군 영월읍 중앙로 149,2019-09-16
687,강원특별자치도,영월군,한식,"한정식, 능쟁이전병",산속의친구,강원특별자치도 영월군 북면 덕전길 132-54,2016-07-11
688,강원특별자치도,영월군,한식,중국음식,차이안,"강원특별자치도 영월군 영월읍 하송로 105, 2층",2017-07-25
689,강원특별자치도,영월군,한식,송어회,월드송어횟집,강원특별자치도 영월군 영월읍 단종로 161-14,2021-05-13
690,강원특별자치도,영월군,한식,"막국수, 만두",동강일품국수,"강원특별자치도 영월군 영월읍 제방안길 16-1, 105호",2019-09-16
691,강원특별자치도,영월군,중식,"명태, 생선조림",제천황기명태영월점,강원특별자치도 영월군 영월읍 하송로 35,2020-11-16
692,강원특별자치도,영월군,중식,숙성 돼지고기,육정가,"강원특별자치도 영월군 영월읍 봉래산로 95-1, 1층",2020-11-16
693,강원특별자치도,영월군,중식,삼겹짬뽕,원짬뽕,강원특별자치도 영월군 영월읍 하송로 93,2022-11-25
694,강원특별자치도,영월군,중식,초밥,바르다스시,"강원특별자치도 영월군 영월읍 중앙로 125, 2층",2022-11-25
695,강원특별자치도,영월군,한식,"닭갈비, 돼지갈비",장원갈비,"강원특별자치도 영월군 영월읍 중앙로 93-1, 1층",2023-11-16
696,강원특별자치도,영월군,한식,한우등심,평양냉면,강원특별자치도 영월군 영월읍 중앙1로 22-7,2023-11-16
697,강원특별자치도,평창군,한식,"등심, 갈비",황소고집, 강원특별자치도 평창군 평창읍 평창중앙로 83-28,1999-05-03
698,강원특별자치도,평창군,한식,막국수,고향막국수, 강원특별자치도 평창군 봉평면 이효석길 142,2006-06-30
699,강원특별자치도,평창군,한식,막국수,봉평메밀미가연, 강원특별자치도 평창군 봉평면 기풍로 108,2004-06-28
700,강원특별자치도,평창군,횟집,생선회,국일관바다회, 강원특별자치도 평창군 평창읍 송학로 31,2008-06-27
701,강원특별자치도,평창군,한식,대관령한우,대관령한우타운, 강원특별자치도 평창군 대관령면 올림픽로 38,2009-06-30
702,강원특별자치도,평창군,한식,"막국수,수육",살구실막국수, 강원특별자치도 평창군 평창읍 후평길 37,2000-07-03
703,강원특별자치도,평창군,한식,"한정식, 불고기정식, 생선정식",한정식수라, 강원특별자치도 평창군 평창읍 평창중앙로 4,2012-11-01
704,강원특별자치도,평창군,횟집,"송어회, 송어튀김, 송어탕수",송어의집, 강원특별자치도 평창군 평창읍 아랫상리길 19-4,1992-07-01
705,강원특별자치도,평창군,한식,"소고기(등심,불고기), 돼지고기(갈비, 삼겹살)",초원갈비, 강원특별자치도 평창군 평창읍 백오로 124,2017-12-01
706,강원특별자치도,평창군,중식,중화요리,태화성, 강원특별자치도 평창군 평창읍 문화길 6,2016-12-01
707,강원특별자치도,평창군,한식,"백반, 돼지고기(삼겹살)",넘버85가든, 강원특별자치도 평창군 평창읍 노성로 225-19,2019-10-28
708,강원특별자치도,평창군,한식,"백숙, 닭볶음탕",청성미락, 강원특별자치도 평창군 평창읍 살구실길 53-50,2020-11-06
709,강원특별자치도,평창군,횟집,"송어회, 송어구이, 송어튀김",강원수산횟집, 강원특별자치도 평창군 미탄면 뚝방길 30-4,2009-06-30
710,강원특별자치도,평창군,한식,"메밀국수, 수육, 메밀만두",방림메밀막국수, 강원특별자치도 평창군 방림면 서동로 1323,2017-12-01
711,강원특별자치도,평창군,한식,"막국수, 메밀부침, 수육",토담막국수, 강원특별자치도 평창군 대화면 대화5길 4,2009-06-30
712,강원특별자치도,평창군,한식,"막국수, 강냉이국수, 한방수육",평창면옥, 강원특별자치도 평창군 대화면 대화3길 11,2013-11-01
713,강원특별자치도,평창군,한식,"소고기(등심, 불고기), 돼지고기(갈비, 삼겹살)",평창다솜방식당, 강원특별자치도 평창군 대화면 대화1길 10-10,2019-10-28
714,강원특별자치도,평창군,한식,"황태(전골,찜), 산채비빔밥, 오삼불고기",산채랑황태랑, 강원특별자치도 평창군 봉평면 태기로 320,2010-04-30
715,강원특별자치도,평창군,한식,황태더덕산채정식,봉평흔들바위, 강원특별자치도 평창군 봉평면 태기로 1,2017-12-01
716,강원특별자치도,평창군,한식,한우구이,평창한우마을 면온점, 강원특별자치도 평창군 봉평면 진조길 57,2016-12-01
717,강원특별자치도,평창군,한식,"메밀국수, 메밀묵, 감자만두",봉평메밀꽃향기, 강원특별자치도 평창군 봉평면 이효석길 33-5,2008-06-27
718,강원특별자치도,평창군,한식,"메밀국수, 메밀싹비빔밥, 수육",동이네막국수, 강원특별자치도 평창군 봉평면 이효석길 144,2013-11-01
719,강원특별자치도,평창군,한식,"메밀국수, 메밀모듬, 메밀만두",봉평메밀 허생원메밀국수, 강원특별자치도 평창군 봉평면 이효석길 134,2011-11-01
720,강원특별자치도,평창군,한식,"메밀국수, 메밀부침, 한방편육",풀내음, 강원특별자치도 평창군 봉평면 메밀꽃길 13,2008-06-27
721,강원특별자치도,평창군,한식,"돼지갈비,막국수",토담, 강원특별자치도 평창군 봉평면 기풍로 192,2004-06-28
722,강원특별자치도,평창군,한식,"메밀국수, 메밀부침, 수육",옛골, 강원특별자치도 평창군 봉평면 메밀꽃길 7,2021-11-10
723,강원특별자치도,평창군,횟집,"송어회, 송어튀김, 송어매운탕",물안골송어회, 강원특별자치도 평창군 용평면 운두령로 330,2017-12-01
724,강원특별자치도,평창군,한식,"소고기(등심, 불고기), 돼지고기(갈비, 삼겹살), 버섯전골",평창강, 강원특별자치도 평창군 용평면 새이들길 14-7,2005-07-01
725,강원특별자치도,평창군,한식,"소고기(등심, 불고기), 돼지고기(갈비, 삼겹살)",고려회관, 강원특별자치도 평창군 용평면 금송1길 14,2019-10-28
726,강원특별자치도,평창군,한식,"한정식, 불고기정식, 비빔밥",한국전통음식체험1관, 강원특별자치도 평창군 용평면 금당계곡로 2010-13,2015-11-30
727,강원특별자치도,평창군,한식,"소고기(등심, 불고기), 돼지고기(갈비, 생삼겹), 오리구이",청산회관, 강원특별자치도 평창군 진부면 진부중앙로 86-1,2008-06-27
728,강원특별자치도,평창군,한식,산채정식,부림식당, 강원특별자치도 평창군 진부면 진부중앙로 70-3,1992-07-01
729,강원특별자치도,평창군,한식,"소고기(등심, 불고기), 돼지고기(갈비, 삼겹살), 오리구이",우가(牛家), 강원특별자치도 평창군 진부면 진부새싹길 21,2016-12-01
730,강원특별자치도,평창군,한식,"산채정식, 황태구이, 더덕구이",오대산농원식당, 강원특별자치도 평창군 진부면 진고개로 36-29,2012-10-01
731,강원특별자치도,평창군,한식,"산채정식,황태구이정식",산들산채식당, 강원특별자치도 평창군 진부면 오대산로 95,2007-06-26
732,강원특별자치도,평창군,한식,"황태구이정식, 산채정식",오대산비로봉식당, 강원특별자치도 평창군 진부면 오대산로 90 ,2016-12-01
733,강원특별자치도,평창군,한식,"더덕산채정식,황태산채정식",오대산서울, 강원특별자치도 평창군 진부면 오대산로 83,2005-07-01
734,강원특별자치도,평창군,한식,"연잎밥 산채정식, 더덕구이, 황태구이",선재길식당," 강원특별자치도 평창군 진부면 오대산로 152, 5동 1·2층 2호",2017-12-01
735,강원특별자치도,평창군,한식,"황태구이정식, 산채정식",동대산," 강원특별자치도 평창군 진부면 오대산로 152, 5동 1·2층 1호",2006-06-29
736,강원특별자치도,평창군,한식,"산채정식,산채비빔밥",오대산산촌식당," 강원특별자치도 평창군 진부면 오대산로 152, 4동 1·2층 1호",2005-07-01
737,강원특별자치도,평창군,한식,"산채정식,산채비빔밥",오대산가마솥식당," 강원특별자치도 평창군 진부면 오대산로 152, 11동 1·2층",2005-07-01
738,강원특별자치도,평창군,한식,"황태구이정식, 산채정식, 토종닭",산수명산, 강원특별자치도 평창군 진부면 오대산3길 13,2008-06-27
739,강원특별자치도,평창군,한식,"한우구이, 한우주물럭, 도루묵찜",대관령숯불회관, 강원특별자치도 평창군 대관령면 횡계2길 3,2001-07-11
740,강원특별자치도,평창군,한식,"한우구이, 한우불고기, 갈비탕",노다지한우, 강원특별자치도 평창군 대관령면 올림픽로 155,2014-11-01
741,강원특별자치도,평창군,한식,"황태구이정식, 오삼불고기, 곤드레돌솥밥",노다지, 강원특별자치도 평창군 대관령면 올림픽로 153,2010-04-30
742,강원특별자치도,평창군,한식,"소고기(등심), 돼지고기(생삼겹살), 곤드레돌솥밥, 오삼불고기",큰우리본점, 강원특별자치도 평창군 대관령면 대관령로 192,2017-12-01
743,강원특별자치도,평창군,한식,"소고기(등심, 생갈비), 산채돌솥밥",(주)고향이야기, 강원특별자치도 평창군 대관령면 눈마을길 9,2000-07-03
744,강원특별자치도,평창군,한식,"황태(찜, 구이, 전골), 오삼불고기",황태덕장, 강원특별자치도 평창군 대관령면 눈마을길 21,1998-01-12
745,강원특별자치도,평창군,한식,"한우구이, 한우육회, 한우비빔밥",평창한우마을 대관령식당, 강원특별자치도 평창군 대관령면 경강로 5195-25,2016-12-01
746,강원특별자치도,평창군,한식,"황태구이정식, 더덕구이정식, 오징어불고기",황태통나무집식당, 강원특별자치도 평창군 대관령면 경강로 5098,2008-06-27
747,강원특별자치도,평창군,한식,오징불고기,납작식당," 강원특별자치도 평창군 대관령면 올림픽로 35, 1층",2019-10-28
748,강원특별자치도,평창군,한식,추어탕,대관령추어탕, 강원특별자치도 평창군 대관령면 대관령로 202-12,2019-10-28
749,강원특별자치도,평창군,한식,돼지갈비,뜨락식당, 강원특별자치도 평창군 평창읍 백오로 103,2022-11-15
750,강원특별자치도,평창군,한식,"오삼불고기, 가정식백반",선우식당, 강원특별자치도 평창군 봉평면 메밀꽃길 10-17,2022-11-15
751,강원특별자치도,평창군,한식,"버섯전골, 더덕구이",전주식당, 강원특별자치도 평창군 봉평면 태기로 344,2022-11-15
752,강원특별자치도,평창군,한식,한우구이,일송정, 강원특별자치도 평창군 봉평면 태기로 393,2022-11-15
753,강원특별자치도,평창군,한식,황태구이정식,(주)황태회관, 강원특별자치도 평창군 대관령면 눈마을길 19,2022-11-15
754,강원특별자치도,평창군,한식,"산채정식, 보리밥",늘봄먹거리," 강원특별자치도 평창군 봉평면 장촌길 3, 제1동",2023-11-13
755,강원특별자치도,정선군,한식," 삼겹살, 생선구이",혜원가든,정선군 사북읍 사북중앙로 18-1,2004.5.20.
756,강원특별자치도,정선군,한식,송어회,청송횟집,정선군 신동읍 함백로 106,2004.5.20.
757,강원특별자치도,정선군,한식,"탕류, 삼겹살",구미정,정선군 정선읍 용담길 91,2004.5.20.
758,강원특별자치도,정선군,한식,곤드레밥,동박골식당,정선군 정선읍 정선로 1314,2004.5.20.
759,강원특별자치도,정선군,한식,"등심, 삼겹살 ",낙원식당,정선군 고한읍 고한6길 18,2005.11.1.
760,강원특별자치도,정선군,한식,"송어, 향어백숙",할머니횟집,정선군 화암면 소금강로 80-23,2005.11.1.
761,강원특별자치도,정선군,한식,"등심, 삼겹살",윤가네한우마을,"정선군 고한읍 고한6길 15-7, 2층",2007.7.2.
762,강원특별자치도,정선군,한식,"족발, 콧등치기",동광식당,정선군 정선읍 녹송1길 27,2007.7.2.
763,강원특별자치도,정선군,한식,"등심, 삼겹살",현대숯불갈비,정선군 정선읍 봉양5길 40-5,2008.1.30.
764,강원특별자치도,정선군,한식,오리구이,송가네오리,정선군 정선읍 용담길 95,2010.8.23.
765,강원특별자치도,정선군,한식,한정식,대숲마을,정선군 고한읍 함백산로 1675,2011.11.1.
766,강원특별자치도,정선군,한식,"오리구이, 냉면",국일관,정선군 정선읍 봉양7길 17,2011.11.1.
767,강원특별자치도,정선군,한식,"막국수, 만두국",종갓집,정선군 정선읍 정선로 1332,2011.11.1.
768,강원특별자치도,정선군,양식,돈가스,유스패밀리&비비큐,정선군 정선읍 녹송로 93,2011.4.20.
769,강원특별자치도,정선군,한식,삼겹살,팔도숯불구이,정선군 북평면 북평7길 37,2012.11.1.
770,강원특별자치도,정선군,한식,"등심, 삼겹살",한우명가백운정,정선군 사북읍 사북중앙로 31,2012.11.1.
771,강원특별자치도,정선군,한식,한정식,옥산장 돌과이야기,정선군 여량면 여량3길 79,2012.11.1.
772,강원특별자치도,정선군,한식,곤드레밥,백복령펜션하우스식당,정선군 임계면 눈꽃마을길 895,2012.11.1.
773,강원특별자치도,정선군,한식,"족발, 콧등치기",한치식당,정선군 정선읍 녹송1길 30,2012.11.1.
774,강원특별자치도,정선군,한식,곤드레밥,싸리골 식당,정선군 정선읍 정선로 1312,2012.11.1.
775,강원특별자치도,정선군,한식,"한우, 곤드레밥",민둥산한우촌,정선군 남면 내자고치길 6,2013.11.6.
776,강원특별자치도,정선군,중식,"짜장면, 탕수육",만리장성,"정선군 사북읍 사북중앙로 11, 2층",2013.11.6.
777,강원특별자치도,정선군,한식,콧등치기,회동집2관,"정선군 정선읍 비봉로 58, 1층",2013.11.6.
778,강원특별자치도,정선군,한식,순대국밥,황토방병천순대,정선군 정선읍 애산로 53,2013.11.6.
779,강원특별자치도,정선군,한식,곤드레밥,관광농원가든,"정선군 정선읍 청량길 8, 1층",2013.11.6.
780,강원특별자치도,정선군,한식,송어회,정선송어횟집,정선군 고한읍 강원남로 6486,2014.11.4.
781,강원특별자치도,정선군,한식,두부전골,정선두부家,정선군 정선읍 봉양3길 22-4,2014.11.4.
782,강원특별자치도,정선군,한식,부대찌개,의정부 동오부대찌개(정선점),정선군 정선읍 봉양5길 40-1,2015.11.10.
783,강원특별자치도,정선군,중식,중화요리,평화반점,"정선군 정선읍 봉양6길 38(1,2층)",2015.11.10.
784,강원특별자치도,정선군,한식,"감자탕, 갈비탕",찬이네감자탕,정선군 사북읍 사북중앙로 35,2016.11.2.
785,강원특별자치도,정선군,한식,"한우숯불구이, 곤드레밥정식",사랑채,"정선군 정선읍 비봉로 56, 1층",2016.11.2.
786,강원특별자치도,정선군,한식,"등심, 삼겹살",하누돈실비,정선군 사북읍 사북중앙로 51-8,2017.11.1.
787,강원특별자치도,정선군,한식,곤드레밥,산마실,"정선군 정선읍 정선로 1368, 2층",2017.11.1.
788,강원특별자치도,정선군,한식,"막국수, 곤드레정식",메밀촌막국수,정선군 고한읍 고한로 79-1,2018.11.1.
789,강원특별자치도,정선군,한식,한우구이,정선농협한우타운,"정선군 정선읍 녹송로 8, 2층",2018.11.1.
790,강원특별자치도,정선군,한식,"고기국수, 닭백숙",정선풍경,정선군 정선읍 봉양2길 17-2,2018.11.1.
791,강원특별자치도,정선군,한식,"쇠고기구이, 삼겹살",한우리,정선군 사북읍 지장천로 705,2019.11.1.
792,강원특별자치도,정선군,한식,"곤드레밥, 명태조림",정원광장,정선군 신동읍 의림로 201,2019.11.1.
793,강원특별자치도,정선군,한식,"황태구이,닭볶음탕",맛있네맛있어,정선군 북평면 오대천로 631,2021.11.1.
794,강원특별자치도,정선군,한식,장어구이,미락장어,정선군 정선읍 녹송1길 18,2022.11.1.
795,강원특별자치도,정선군,한식,오리백숙,갈래골,정선군 고한읍 고한7길 5-10,2022.11.1.
796,강원특별자치도,정선군,한식,장어구이,정선애장어먹으러와요,정선군 정선읍 북평면 장열길 13,2022.11.1.
797,강원특별자치도,철원군,한식,민물매운탕,고석정가든,강원도 철원군 동송읍 창동로 2421,2017-11-10
798,강원특별자치도,철원군,한식,한탕강잡어매운탕,그린식당,강원도 철원군 동송읍 창동로 2405,2017-11-10
799,강원특별자치도,철원군,한식,삼계탕,금천식당,강원도 철원군 갈말읍 명성로158번길 51,2013-11-07
800,강원특별자치도,철원군,한식,"매운탕, 닭볶음탕",남대천황가네매운탕,강원도 철원군 갈말읍 군탄로 41,2016-05-09
801,강원특별자치도,철원군,한식,추어탕,대가,강원도 철원군 갈말읍 명성로 281,2005-08-31
802,강원특별자치도,철원군,한식,"돼지갈비,삼겹살",돈대감숯불화로구이,강원도 철원군 갈말읍 태봉로 1537,2006-08-23
803,강원특별자치도,철원군,한식,"한우구이,불고기,갈비탕",동주산성,강원도 철원군 갈말읍 호국로 4507,2017-05-11
804,강원특별자치도,철원군,한식,능이버섯백숙,둠지능이버섯백숙,강원도 철원군 서면 금강로 7516,2017-11-10
805,강원특별자치도,철원군,한식,오리훈제,마늘오리,강원도 철원군 동송읍 이평2로10번길 30,2010-08-16
806,강원특별자치도,철원군,식육(숯불구이),한우고기,민통선한우촌,강원도 철원군 갈말읍 호국로 4987 (1~2)층,2010-08-16
807,강원특별자치도,철원군,한식,감자탕,본때감자탕,강원도 철원군 철원읍 금학로251번길 6,2014-11-04
808,강원특별자치도,철원군,한식,오징어물회,서울식당,강원도 철원군 동송읍 태봉로 2177,2004-08-02
809,강원특별자치도,철원군,한식,"부대찌개,주물럭",영진식당,강원도 철원군 갈말읍 삼부연로 4-1,2006-08-24
810,강원특별자치도,철원군,식육(숯불구이),"소갈비,돼지갈비",영풍가든,강원도 철원군 김화읍 학사길 32,2004-08-02
811,강원특별자치도,철원군,한식,"순두부,두부전골,콩국수,아귀찜",외할머니손두부식당,강원도 철원군 갈말읍 삼부연로17번길 9,2007-06-21
812,강원특별자치도,철원군,한식,찜닭,일미리금계찜닭,강원도 철원군 동송읍 이평로 72,2009-07-14
813,강원특별자치도,철원군,한식,"매운탕,민물장어,비빔",임꺽정식당,강원도 철원군 동송읍 태봉로 1825,2004-08-02
814,강원특별자치도,철원군,중국식,"탕수육,팔보채,양장피",중국성,강원도 철원군 근남면 하오재로 2080,2007-06-22
815,강원특별자치도,철원군,한식,"한우등심, 막국수",철원막국수동송점,강원도 철원군 동송읍 금학로 75,2016-05-09
816,강원특별자치도,철원군,한식,"철원청정삼겹살,칡냉면",철원생고기,강원도 철원군 서면 자등로 614,2008-07-18
817,강원특별자치도,철원군,한식,"영양돌솥밥,명태찜",철원영양돌솥밥,강원도 철원군 갈말읍 명성로174번길 14,2004-08-02
818,강원특별자치도,철원군,한식,고추냉이갈비,철원오대갈비육대장 철원점,강원도 철원군 동송읍 이평2로17번길 15,2013-11-07
819,강원특별자치도,철원군,한식,"오리구이, 오리백숙",철원오리명가,강원도 철원군 동송읍 이평1로38번길 22,2017-11-10
820,강원특별자치도,철원군,한식,묵은지감자탕,추풍령감자탕,강원도 철원군 갈말읍 삼부연로17번안길 22-9,2014-11-04
821,강원특별자치도,철원군,한식,"설렁탕,도가니탕,한우생고기,한우육회",한우연,강원도 철원군 동송읍 금학로136번길 9,2009-07-14
822,강원특별자치도,철원군,한식,"자연산민물매운탕,철원청정육생고기",현무암,강원도 철원군 동송읍 태봉로 1825,2007-06-22
823,강원특별자치도,화천,한식,"닭갈비, 막국수",강산애닭갈비,강원특별자치도 화천군 화천읍 상승로1길 16-6,2013-10-08
824,강원특별자치도,화천,한식,쭈꾸미,그집 쭈꾸미,강원특별자치도 화천군 화천읍 산수화로5길 1,2018-04-05
825,강원특별자치도,화천,한식,한식뷔페,남가식당,강원특별자치도 화천군 간동면 간척월명로 311-1,2023-10-31
826,강원특별자치도,화천,한식,"나물밥,산천어밥(계절)",대청마루,강원특별자치도 화천군 화천읍 중앙로5길 8,2013-10-08
827,강원특별자치도,화천,한식,"오리백숙,LA갈비",미가,강원특별자치도 화천군 화천읍 중앙로4길 29-5,2019-11-09
828,강원특별자치도,화천,한식,국물조개찜,바다수퍼해물천하조개구이찜 화천점,강원특별자치도 화천군 화천읍 중앙로6길 33,2023-10-31
829,강원특별자치도,화천,한식,흑염소전골,분도 흑염소탕,강원특별자치도 화천군 화천읍 산수화로1길 5,2019-11-09
830,강원특별자치도,화천,한식,"더덕쌈정식,참숯불고기",산채골,강원특별자치도 화천군 화천읍 상승로 54-9,2013-10-08
831,강원특별자치도,화천,한식,"곰탕, 한우",산천정육식당,강원특별자치도 화천군 화천읍 산수화로 111,2021-11-29
832,강원특별자치도,화천,한식,"능이오리백숙, 갈비",서화산가든,강원특별자치도 화천군 화천읍 상승로 49-19,2016-11-03
833,강원특별자치도,화천,한식,"오리로스, 막국수",섬뜰마루,강원특별자치도 화천군 사내면 문화마을2길 19,2013-10-08
834,강원특별자치도,화천,한식,"등심,육회",소한마리,"강원특별자치도 화천군 화천읍 중앙로4길 12, 가4동 16가,다호",2018-11-09
835,강원특별자치도,화천,한식,"생선구이,삽겹살",어가육가,강원특별자치도 화천군 화천읍 중앙로7길 23 (외 1필지),2014-10-08
836,강원특별자치도,화천,한식,"생등심, 돼지갈비",우정갈비,강원특별자치도 화천군 화천읍 중앙로2길 23-12,2013-10-08
837,강원특별자치도,화천,한식,"오골계, 토종닭",웰빙 오골계세상,강원특별자치도 화천군 화천읍 가손이길 43,2013-10-08
838,강원특별자치도,화천,한식,"닭갈비,막국수",웰빙닭갈비,"강원특별자치도 화천군 사내면 사내로7길 18, 웰빙닭갈비",2013-10-08
839,강원특별자치도,화천,한식,"해물탕,돼지갈비",육해공,강원특별자치도 화천군 사내면 문화마을1길 27-17,2013-10-08
840,강원특별자치도,화천,한식,두부보쌈,콩사랑,강원특별자치도 화천군 화천읍 대이리길 39,2018-07-04
841,강원특별자치도,화천,한식,"삼겹살,갈비탕",포락정,강원특별자치도 화천군 상서면 영서로 7746,2017-12-08
842,강원특별자치도,화천,한식,"냉면, 육개장, 갈비",함흥관,강원특별자치도 화천군 화천읍 중앙로9길 20-55,2023-10-31
843,강원특별자치도,화천,한식,"민물장어, 곰장어",항아리장어,강원특별자치도 화천군 화천읍 중앙로8길 21,2023-10-31
844,강원특별자치도,화천,한식,"막국수,만두전골",화천막국수,강원특별자치도 화천군 화천읍 평화로 217,2014-10-08
845,강원특별자치도,화천,한식,"나물밥,등심",화천삼나물밥상,강원특별자치도 화천군 화천읍 중앙로1길 14-5,2017-12-08
846,강원특별자치도,화천,중식,"탕수육,볶음우동",만리향,강원특별자치도 화천군 상서면 영서로 7706-1,2013-10-08
847,강원특별자치도,화천,중식,"자장면,탕수육",중국성,"강원특별자치도 화천군 화천읍 중앙로2길 13-4, 1-2층",2013-10-08
848,강원특별자치도,화천,분식,"즉석떡볶이, 돈까스",따봉,강원특별자치도 화천군 화천읍 중앙로6길 13-9,2021-11-29
849,강원특별자치도,화천,한식,"소고기, 돼지고기",산마을가든,강원특별자치도 화천군 사내면 사내로 57,2013-10-08
850,강원특별자치도,양구군,한식,막국수,광치막국수,강원특별자치도 양구군 남동로 34-9,1992.08.24.
851,강원특별자치도,양구군,식육,돈육구이,꽃보다 소 양구점,강원특별자치도 양구군 중앙길 33-16,2022.10.26.
852,강원특별자치도,양구군,한식,삼계탕,도촌삼계탕,강원특별자치도 양구군 청춘로 39-37,2017.11.07.
853,강원특별자치도,양구군,한식,추어탕,마당너른집전통추어탕,강원특별자치도 양구군 택지길 58-19,2005.12.01.
854,강원특별자치도,양구군,분식,떡볶이,모범떡볶이,강원특별자치도 양구군 중앙길 51,2020.10.30.
855,강원특별자치도,양구군,일식,바다회,바다애,강원특별자치도 양구군 해시계로 28-1,2022.10.26.
856,강원특별자치도,양구군,양식,"치킨,돈가츠",비비큐·우쿠야,강원특별자치도 양구군 중앙길 15,2019.11.11.
857,강원특별자치도,양구군,한식,고기류 샤브,샤브향,강원특별자치도 양구군 양남로 16번길 3,2013.10.28.
858,강원특별자치도,양구군,횟집,바다회,회마을,강원특별자치도 양구군 비봉로 65,2022.10.26.
859,강원특별자치도,양구군,한식,"냉면, 막국수",소나무함흥냉면막국수,강원특별자치도 양구군 청춘로 82-38,2015.10.19.
860,강원특별자치도,양구군,한식,시래기 정식,시래정,강원특별자치도 양구군 황강길 16-23,2017.11.07.
861,강원특별자치도,양구군,일식,"민물회, 매운탕",양구수산횟집,강원특별자치도 양구군 양록길 23번길 6-2,2006.12.01.
862,강원특별자치도,양구군,식육,숯불갈비,오래드림 고원,강원특별자치도 양구군 양록길 23번길 12-7,2009.12.01.
863,강원특별자치도,양구군,식육,돈육구이,이가돈가,강원특별자치도 양구군 사명길 118-10,2022.10.26.
864,강원특별자치도,양구군,한식,"두부전골, 백숙",정중앙맛집,강원특별자치도 양구군 해시계로 14,2016.11.10.
865,강원특별자치도,양구군,일식,"참치회, 바다회",청참치,강원특별자치도 양구군 양록길 23번길 6-11,2016.11.10.
866,강원특별자치도,인제군,한식,"돼지갈비,생삼겹살",고기촌 화로 숯불구이,인제군 기린면 내린천로 4013,2011.11.15
867,강원특별자치도,인제군,한식,"오리한방수육,두부전골",정원식당,인제군 남면 삼팔선로 2115,2002.05.06
868,강원특별자치도,인제군,경양식,"닭가슴살스테이크,안심",레스토랑안단테,인제군 북면 갈골로1길 6-5,2011.11.15
869,강원특별자치도,인제군,한식,황태구이정식,산골황태삼대식당,인제군 북면 미시령로 1368,2015.11.30
870,강원특별자치도,인제군,한식,질경이양식,성원식당,인제군 북면 원통로 169,2017.12.04
871,강원특별자치도,인제군,한식,"장작설렁탕,왕갈비탕",다올가든,인제군 북면 원통로 256,2015.11.30
872,강원특별자치도,인제군,식육(숯불구이),"한우암소,돼지갈비",우돈가,인제군 북면 원통로 316,2007.06.01
873,강원특별자치도,인제군,식육(숯불구이),"돼지갈비,등심",설악숯불갈비,인제군 북면 원통로147번길 24-2,2005.07.01
874,강원특별자치도,인제군,한식,황태정식,용바위식당,인제군 북면 진부령로 107,2012.11.09
875,강원특별자치도,인제군,한식,황태정식,황태명품관식당,인제군 북면 황태길 373,2015.11.30
876,강원특별자치도,인제군,식육(숯불구이),"한우등심,돼지갈비",한우명가,인제군 인제읍 비봉로15번길 22,2010.12.23
877,강원특별자치도,인제군,식육(숯불구이),"돼지갈비, 삼겹살",삼호숯불갈비,인제군 인제읍 비봉로16번길 9,2003.06.03
878,강원특별자치도,인제군,한식,"계절비빔밥, 석쇠불고기",인제골,인제군 인제읍 비봉로30번길 42,2011.11.15
879,강원특별자치도,인제군,분식,"바지락칼국수, 콩국수",모이세칼국수,인제군 인제읍 비봉로44번길 25,2005.07.01
880,강원특별자치도,인제군,한식,숯불닭갈비,미소숯불닭갈비,인제군 인제읍 인제로 322,2015.11.30
881,강원특별자치도,인제군,식육(숯불구이),"한우불고기, 삼겹살",일미장,인제군 인제읍 인제로188번길 1,2002.05.06
882,강원특별자치도,인제군,한식,황태구이정식,부흥식당,인제군 북면 황태길 367,2002.05.06
883,강원특별자치도,인제군,한식,해물찜,부자네,인제군 북면 원통로 92,2021.11.22
884,강원특별자치도,고성군,한식,"해물탕,곰치국,생선찜 등",함흥식당,강원특별자치도 고성군 거진읍 거탄진로 148,2016-12-15
885,강원특별자치도,고성군,식육(숯불구이),"돼지갈비, 등심, 갈비살, 냉면",백송숯불갈비,강원특별자치도 고성군 간성읍 간성로 31-1,2009-07-27
886,강원특별자치도,고성군,한식,"생태찌개, 두루치기",성진회관,강원특별자치도 고성군 거진읍 거탄진로 99,2002-07-05
887,강원특별자치도,고성군,식육(숯불구이),육류,일미숯불갈비,강원특별자치도 고성군 거진읍 거진길 38-5,2020-10-20
888,강원특별자치도,고성군,냉면집,"등심, 돼지갈비",장안면옥,강원특별자치도 고성군 간성읍 간성로30번길 10,2001-06-07
889,강원특별자치도,고성군,한식,"막국수,오리백숙",동명능이백숙,강원특별자치도 고성군 거진읍 자산천로 36,2001-06-07
890,강원특별자치도,고성군,횟집,"회,매운탕,물회",동해활어자연산전문점,강원특별자치도 고성군 토성면 아야진해변길 80,2012-11-01
891,강원특별자치도,고성군,한식,"막국수, 시골두부",화진포박포수가든,강원특별자치도 고성군 현내면 화진포서길 76,2007-07-13
892,강원특별자치도,고성군,한식,"부대찌개,갈비탕,낙지비빔밥",경희맛집,강원특별자치도 고성군 간성읍 간성북로 4,2017-11-29
893,강원특별자치도,고성군,횟집,"생선회,생선매운탕,물회",금강산횟집,강원특별자치도 고성군 현내면 대진항길 85,2016-12-15
894,강원특별자치도,고성군,횟집,"생선회, 매운탕",경기이천횟집,강원특별자치도 고성군 거진읍 거진항1길 73,2018-11-16
895,강원특별자치도,고성군,식육(숯불구이),오리고기,가조오리숯불구이,강원특별자치도 고성군 토성면 용원로 650-20,2020-10-20
896,강원특별자치도,고성군,한식,"막국수,메밀전,편육",메밀촌 봉평 막국수,강원특별자치도 고성군 거진읍 포남길 46,2019-11-08
897,강원특별자치도,고성군,횟집,"생선회,생선매운탕,물회",청보,강원특별자치도 고성군 죽왕면 공현진해변길 95-3,2016-12-15
898,강원특별자치도,고성군,한식,"막국수, 수육, 메밀부침",금화정 막국수,강원특별자치도 고성군 토성면 화원길 42-21,2011-10-27
899,강원특별자치도,고성군,한식,"설렁탕,버섯전골,묵은지시레기해장국 등",마실,강원특별자치도 고성군 거진읍 자산천로 41,2016-12-15
900,강원특별자치도,고성군,식육(숯불구이),"한우특수부위모듬, 등심, 육회비빔밥",고성한우촌,강원특별자치도 고성군 간성읍 수성로 24,2013-11-04
901,강원특별자치도,고성군,횟집,생선회,고성부부횟집,강원특별자치도 고성군 죽왕면 가진해변길 88,2020-10-20
902,강원특별자치도,고성군,한식,"명태정식, 명태지리, 명태구이",고성명태 한수위,강원특별자치도 고성군 죽왕면 동해대로 5841,2019-11-08
903,강원특별자치도,고성군,한식,"황제소갈비, 육장갈비, 돼지왕갈비",육장갈비 고성점,강원특별자치도 고성군 간성읍 간성로 17,2021-11-16
904,강원특별자치도,고성군,식육(숯불구이),육류,신마포갈매기고성점,강원특별자치도 고성군 간성읍 간성로 27,2020-10-20
905,강원특별자치도,고성군,한식,막국수,진부령막국수,강원특별자치도 고성군 간성읍 진부령로 2652,2015-12-11
906,강원특별자치도,고성군,한식,막국수,박가네 메밀막국수,강원특별자치도 고성군 현내면 금강산로 51,2015-12-11
907,강원특별자치도,고성군,경양식,"물회파스타,홍게로제파스타,마늘돈가스 등",바다정원 신관,강원특별자치도 고성군 토성면 버리깨길 23,2016-12-15
908,강원특별자치도,고성군,한식,막국수,건봉막국수,강원특별자치도 고성군 간성읍 건봉사로 378,2021-11-16
909,강원특별자치도,고성군,한식,"소머리국밥,전복만두국,소머리수육샤브샤브",우두촌 소머리국밥,강원특별자치도 고성군 간성읍 간성북로7번길 45,2017-11-29
910,강원특별자치도,고성군,식육(숯불구이),"숯불구이,생삼겹",예촌숯불갈비,강원특별자치도 고성군 간성읍 수성로 55-6,2017-11-29
911,강원특별자치도,고성군,횟집,"생선회, 매운탕",무진장횟집,강원특별자치도 고성군 거진읍 거진항1길 49-1,2019-11-08
912,강원특별자치도,고성군,한식,육류,청우,강원특별자치도 고성군 간성읍 남천마루3길 2-5,2020-10-20
913,강원특별자치도,고성군,한식,대게찜,봉포대게찜 게 섯거라,"강원특별자치도 고성군 토성면 광포길 58, 게섯거라",2021-11-16
914,강원특별자치도,고성군,기타,"브런치메뉴, 음료류",고성카페 소울브릿지,"강원특별자치도 고성군 토성면 천진해변길 33, 소울브릿지",2022-11-04
915,강원특별자치도,고성군,한식,해산물,고식당,"강원특별자치도 고성군 토성면 교암길 80, 2층",2021-11-16
916,강원특별자치도,고성군,한식,육개장,대대리육개장,강원특별자치도 고성군 거진읍 진부령로 2866,2022-11-04
917,강원특별자치도,고성군,식육(숯불구이),숯불고기,김가네고기집,강원특별자치도 고성군 간성읍 수성안길 48,2022-11-04
918,강원특별자치도,고성군,횟집,"물회, 회덮밥 등",금강산도식후경,강원특별자치도 고성군 죽왕면 공현진해변길 95,2022-11-04
919,강원특별자치도,양양군,한식,추어탕,가마솥추어탕,강원도 양양군 양양읍 미륵길 16,2018-11-01
920,강원특별자치도,양양군,한식,돼지갈비,녹원갈비,강원도 양양군 양양읍 거마천로 60,2018-11-01
921,강원특별자치도,양양군,한식,메밀막국수,다락막국수,강원도 양양군 현남면 인구중앙길 95,2020-11-01
922,강원특별자치도,양양군,한식,"냉면, 메밀국수",단양면옥,강원도 양양군 양양읍 남문6길 3,2001-06-30
923,강원특별자치도,양양군,한식,나물한정식,달래촌,강원도 양양군 양양읍 현남면 화상천로 634,2018-11-01
924,강원특별자치도,양양군,한식,"회덮밥,물회",동쪽바다 세꼬시,강원도 양양군 손양면 문화마을길 3-4,2017-11-01
925,강원특별자치도,양양군,한식,"메밀국수,수육",동해막국수,강원도 양양군 현남면 동해대로 54,2018-11-01
926,강원특별자치도,양양군,한식,막국수,동해막국수 분점,강원도 양양군 양양읍 포월윗말길 2,2004-07-01
927,강원특별자치도,양양군,한식,등심구이,등불,강원도 양양군 양양읍 포월나들길 23,2003-07-01
928,강원특별자치도,양양군,한식,"한,중,일,양식",레스토랑 파인,강원도 양양군 현남면 개매길 260,2020-11-01
929,강원특별자치도,양양군,한식,"삼겹살, 오리구이",명선네참맛골,강원도 양양군 양양읍 관아길 4-1,2009-07-01
930,강원특별자치도,양양군,한식,메밀국수,범바우막국수,강원도 양양군 강현면 동해대로 3277-22,2009-07-01
931,강원특별자치도,양양군,한식,메밀국수,삼교리 동치미 막국수,강원도 양양군 손양면 재뫼길 20,2018-11-01
932,강원특별자치도,양양군,한식,메밀국수,상운메밀촌,강원도 양양군 손양면 상운길 44-33,2010-07-01
933,강원특별자치도,양양군,한식,"송이불고기,특수부위",송림식당,강원도 양양군 양양읍 양양로 78-5,2017-11-01
934,강원특별자치도,양양군,한식,"자연송이 해물덮밥, 곤드레밥",송이,강원도 양양군 손양면 선사유적로 678,2016-12-01
935,강원특별자치도,양양군,한식,"송이돌솥정식, 송이전골",송이골,강원도 양양군 손양면 동멸로 4,2022-11-01
936,강원특별자치도,양양군,한식,버섯전골,송이버섯마을,강원도 양양군 양양읍 남대천로 55-20,2001-06-30
937,강원특별자치도,양양군,한식,메밀국수,송전메밀국수,강원도 양양군 손양면 송평길 4-23,2011-11-01
938,강원특별자치도,양양군,한식,한우모듬구이,양양한우마을,강원도 양양군 양양읍 일추로 500,2004-07-01
939,강원특별자치도,양양군,한식,"육개장, 칼국수",육반장,강원도 양양군 양양읍 남문로 20,2018-11-01
940,강원특별자치도,양양군,한식,돼지갈비,이태원왕갈비,"강원도 양양군 강현면 일출로 15-1, 1층",2022-11-01
941,강원특별자치도,양양군,한식,"메밀국수, 수육",입암메밀타운,강원도 양양군 현남면 화상천로 155,2001-06-30
942,강원특별자치도,양양군,한식,"산채정식, 산채비빔밥",주전골산채마을,강원도 양양군 양양읍 양양로 33,2008-07-01
943,강원특별자치도,양양군,한식,등심구이,코뚜레 돈우 어때,강원도 양양군 손양면 동명로 15,2018-11-01
944,강원특별자치도,양양군,한식,한우(모듬),한우랑송이랑,강원도 양양군 양양읍 거마천로 59-5,2016-12-01
945,강원특별자치도,양양군,한식,"냉면, 메밀국수",함경면옥,강원도 양양군 양양읍 남문2길 7,2001-06-30
946,강원특별자치도,양양군,한식,"생선회, 매운탕",해녀횟집,강원도 양양군 현남면 매바위길 163,2009-07-01
947,강원특별자치도,양양군,한식,양념되지갈비구이,홍영애숯불갈비,강원도 양양군 강현면 동해대로 3563,2018-11-01
948,강원특별자치도,양양군,한식,"생선회, 물회",흥미횟집,강원도 양양군 손양면 수산 1길 47,2018-11-01
949,강원특별자치도,양양군,한식,섭국,해촌,강원특별자치도 양양군 손양면 동명로 81,2023-12-22
950,강원특별자치도,양양군,한식,"한,중,일,양식",산타크루즈,강원특별자치도 양양군 현남면 인구중앙길 10,2023-12-22
951,강원특별자치도,양양군,한식,"막국수, 냉면",자연면옥,강원특별자치도 양양군 손양면 선사유적로 207,2023-12-22
952,강원특별자치도,양양군,한식,돼지고기,양양하다,강원특별자치도 양양군 현남면 인구중앙길 32-16,2023-12-22
953,강원특별자치도,고성군,기타,"브런치메뉴, 음료류",고성카페 소울브릿지,"강원특별자치도 고성군 토성면 천진해변길 33, 소울브릿지",2022-11-04
954,강원특별자치도,고성군,한식,해산물,고식당,"강원특별자치도 고성군 토성면 교암길 80, 2층",2021-11-16
955,강원특별자치도,고성군,한식,육개장,대대리육개장,강원특별자치도 고성군 거진읍 진부령로 2866,2022-11-04
956,강원특별자치도,고성군,식육(숯불구이),숯불고기,김가네고기집,강원특별자치도 고성군 간성읍 수성안길 48,2022-11-04
957,강원특별자치도,고성군,횟집,"물회, 회덮밥 등",금강산도식후경,강원특별자치도 고성군 죽왕면 공현진해변길 95,2022-11-04
958,강원특별자치도,양양군,한식,추어탕,가마솥추어탕,강원도 양양군 양양읍 미륵길 16,2018-11-01
959,강원특별자치도,양양군,한식,돼지갈비,녹원갈비,강원도 양양군 양양읍 거마천로 60,2018-11-01
960,강원특별자치도,양양군,한식,메밀막국수,다락막국수,강원도 양양군 현남면 인구중앙길 95,2020-11-01
961,강원특별자치도,양양군,한식,"냉면, 메밀국수",단양면옥,강원도 양양군 양양읍 남문6길 3,2001-06-30
962,강원특별자치도,양양군,한식,나물한정식,달래촌,강원도 양양군 양양읍 현남면 화상천로 634,2018-11-01
963,강원특별자치도,양양군,한식,"삼겹살,소갈비살",동거동락,강원도 양양군 양양읍 남문9길 18,2008-07-01
964,강원특별자치도,양양군,한식,"회덮밥,물회",동쪽바다 세꼬시,강원도 양양군 손양면 문화마을길 3-4,2017-11-01
965,강원특별자치도,양양군,한식,"메밀국수,수육",동해막국수,강원도 양양군 현남면 동해대로 54,2018-11-01
966,강원특별자치도,양양군,한식,막국수,동해막국수 분점,강원도 양양군 양양읍 포월윗말길 2,2004-07-01
967,강원특별자치도,양양군,한식,등심구이,등불,강원도 양양군 양양읍 포월나들길 23,2003-07-01
968,강원특별자치도,양양군,한식,"한,중,일,양식",레스토랑 파인,강원도 양양군 현남면 개매길 260,2020-11-01
969,강원특별자치도,양양군,한식,"삼겹살, 오리구이",명선네참맛골,강원도 양양군 양양읍 관아길 4-1,2009-07-01
970,강원특별자치도,양양군,한식,메밀국수,범바우막국수,강원도 양양군 강현면 동해대로 3277-22,2009-07-01
971,강원특별자치도,양양군,한식,메밀국수,삼교리 동치미 막국수,강원도 양양군 손양면 재뫼길 20,2018-11-01
972,강원특별자치도,양양군,한식,메밀국수,상운메밀촌,강원도 양양군 손양면 상운길 44-33,2010-07-01
973,강원특별자치도,양양군,한식,"송이불고기,특수부위",송림식당,강원도 양양군 양양읍 양양로 78-5,2017-11-01
974,강원특별자치도,양양군,한식,"자연송이 해물덮밥, 곤드레밥",송이,강원도 양양군 손양면 선사유적로 678,2016-12-01
975,강원특별자치도,양양군,한식,"송이돌솥정식, 송이전골",송이골,강원도 양양군 손양면 동멸로 4,2022-11-01
976,강원특별자치도,양양군,한식,버섯전골,송이버섯마을,강원도 양양군 양양읍 남대천로 55-20,2001-06-30
977,강원특별자치도,양양군,한식,메밀국수,송전메밀국수,강원도 양양군 손양면 송평길 4-23,2011-11-01
978,강원특별자치도,양양군,한식,한우모듬구이,양양한우마을,강원도 양양군 양양읍 일추로 500,2004-07-01
979,강원특별자치도,양양군,한식,"육개장, 칼국수",육반장,강원도 양양군 양양읍 남문로 20,2018-11-01
980,강원특별자치도,양양군,한식,돼지갈비,이태원왕갈비,"강원도 양양군 강현면 일출로 15-1, 1층",2022-11-01
981,강원특별자치도,양양군,한식,"메밀국수, 수육",입암메밀타운,강원도 양양군 현남면 화상천로 155,2001-06-30
982,강원특별자치도,양양군,한식,"산채정식, 산채비빔밥",주전골산채마을,강원도 양양군 양양읍 양양로 33,2008-07-01
983,강원특별자치도,양양군,한식,등심구이,코뚜레 돈우 어때,강원도 양양군 손양면 동명로 15,2018-11-01
984,강원특별자치도,양양군,한식,한우(모듬),한우랑송이랑,강원도 양양군 양양읍 거마천로 59-5,2016-12-01
985,강원특별자치도,양양군,한식,"냉면, 메밀국수",함경면옥,강원도 양양군 양양읍 남문2길 7,2001-06-30
986,강원특별자치도,양양군,한식,"생선회, 매운탕",해녀횟집,강원도 양양군 현남면 매바위길 163,2009-07-01
987,강원특별자치도,양양군,한식,양념되지갈비구이,홍영애숯불갈비,강원도 양양군 강현면 동해대로 3563,2018-11-01
988,강원특별자치도,양양군,한식,"생선회, 물회",흥미회집,강원도 양양군 손양면 수산 1길 47,2018-11-01
